pad_WELL_PAD_ID,pad_WELL_PAD,CLIENT,COUNTY,n_waste_records,total_tons,total_bbls,first_period,last_period,included
145167,PLUSHANSKI,CARRIZO (MARCELLUS) LLC,Wyoming,747,,,Apr 2016 (Unconventional wells),Sep 2023 (WASTE: Unconventional wells),True
145314,MAZZARA,CARRIZO (MARCELLUS) LLC,Wyoming,589,,,Apr 2016 (Unconventional wells),Sep 2023 (WASTE: Unconventional wells),True
145321,FRYSTAK,CARRIZO (MARCELLUS) LLC,Susquehanna,585,,,Apr 2016 (Unconventional wells),Sep 2023 (WASTE: Unconventional wells),True
145304,YARASAVAGE,CARRIZO (MARCELLUS) LLC,Wyoming,563,,,Apr 2016 (Unconventional wells),Sep 2022 (WASTE: Unconventional wells),True
145198,MIRABELLI WELL PAD,CITRUS ENERGY CORP,Wyoming,549,,,Apr 2018 (WASTE: Unconventional wells),Sep 2023 (WASTE: Unconventional wells),True
145336,TRECOSKE NORTH,CARRIZO (MARCELLUS) LLC,Susquehanna,543,,,Apr 2016 (Unconventional wells),Sep 2023 (WASTE: Unconventional wells),True
145320,BUSH,CARRIZO (MARCELLUS) LLC,Susquehanna,505,,,Apr 2016 (Unconventional wells),Sep 2023 (WASTE: Unconventional wells),True
145322,BAKER,CARRIZO (MARCELLUS) LLC,Susquehanna,503,,,Apr 2016 (Unconventional wells),Sep 2023 (WASTE: Unconventional wells),True
148995,P&G WAREHOUSE PAD,CITRUS ENERGY CORP,Wyoming,501,18.3318.3318.3318.3318.3318.33,,Apr 2018 (WASTE: Unconventional wells),Sep 2023 (WASTE: Unconventional wells),True
145313,SICKLER,CARRIZO (MARCELLUS) LLC,Wyoming,463,,,Apr 2017 (WASTE: Unconventional wells),Sep 2023 (WASTE: Unconventional wells),True
148025,MATTOCKS PAD,CITRUS ENERGY CORP,Wyoming,456,,,Apr 2019 (WASTE: Unconventional wells),Sep 2023 (WASTE: Unconventional wells),True
149101,P&G 4 PAD,CITRUS ENERGY CORP,Wyoming,436,,,Apr 2018 (WASTE: Unconventional wells),Sep 2023 (WASTE: Unconventional wells),True
145317,SHASKAS SOUTH,CARRIZO (MARCELLUS) LLC,Susquehanna,424,,,Apr 2016 (Unconventional wells),Sep 2023 (WASTE: Unconventional wells),True
145324,GIANGRIECO A,CARRIZO (MARCELLUS) LLC,Susquehanna,420,,,Apr 2016 (Unconventional wells),Sep 2023 (WASTE: Unconventional wells),True
145058,RICCI,CARRIZO (MARCELLUS) LLC,Susquehanna,395,,,Apr 2020 (WASTE: Unconventional wells),Sep 2023 (WASTE: Unconventional wells),True
145335,TRECOSKE SOUTH,CARRIZO (MARCELLUS) LLC,Susquehanna,372,,,Apr 2016 (Unconventional wells),Sep 2023 (WASTE: Unconventional wells),True
145305,SOLANICK,CARRIZO (MARCELLUS) LLC,Wyoming,314,,,Apr 2017 (WASTE: Unconventional wells),Sep 2022 (WASTE: Unconventional wells),True
145333,BAKER NORTH,CARRIZO (MARCELLUS) LLC,Susquehanna,279,,,Apr 2016 (Unconventional wells),Sep 2022 (WASTE: Unconventional wells),True
145337,BONNICE,CARRIZO (MARCELLUS) LLC,Susquehanna,279,,,Apr 2016 (Unconventional wells),Sep 2023 (WASTE: Unconventional wells),True
149172,REIMILLER PAD,CITRUS ENERGY CORP,Wyoming,275,,,Apr 2018 (WASTE: Unconventional wells),Sep 2023 (WASTE: Unconventional wells),True
145316,HENNINGER,CARRIZO (MARCELLUS) LLC,Susquehanna,235,,,Apr 2016 (Unconventional wells),Sep 2023 (WASTE: Unconventional wells),True
149228,RUARK SOUTH PAD,CITRUS ENERGY CORP,Wyoming,234,,,Apr 2017 (WASTE: Unconventional wells),Sep 2022 (WASTE: Unconventional wells),True
148938,P&G 5 PAD,CITRUS ENERGY CORP,Wyoming,231,,,Apr 2019 (WASTE: Unconventional wells),Sep 2021 (WASTE: Unconventional wells),True
145325,BAKER WEST,CARRIZO (MARCELLUS) LLC,Susquehanna,221,,,Apr 2018 (WASTE: Unconventional wells),Sep 2023 (WASTE: Unconventional wells),True
148592,HAWLEY J PAD 1,COTERRA ENERGY INC,Susquehanna,204,,,Apr 2017 (WASTE: Unconventional wells),Sep 2017 (WASTE: Unconventional wells),True
149102,P&G 3 PAD,CITRUS ENERGY CORP,Wyoming,201,,,Apr 2019 (WASTE: Unconventional wells),Sep 2023 (WASTE: Unconventional wells),True
145078,PAD VW,SOUTHWESTERN ENERGY PROD CO,Bradford,193,,,Apr 2016 (Unconventional wells),Sep 2023 (WASTE: Unconventional wells),True
148633,JOHNSTON PAD,CITRUS ENERGY CORP,Wyoming,189,,,Apr 2020 (WASTE: Unconventional wells),Sep 2023 (WASTE: Unconventional wells),True
148367,MCCONNELL PAD,CITRUS ENERGY CORP,Wyoming,184,23.123.1,,Apr 2017 (WASTE: Unconventional wells),Sep 2023 (WASTE: Unconventional wells),True
155203,TWIN RIDGE (02-185),REPSOL OIL & GAS USA LLC,Tioga,180,,,Apr 2020 (WASTE: Unconventional wells),Sep 2020 (WASTE: Unconventional wells),True
150816,ANDERSON R PAD 1,COTERRA ENERGY INC,Susquehanna,180,,,Apr 2018 (WASTE: Unconventional wells),Sep 2017 (WASTE: Unconventional wells),True
147799,BEHREND ROSS GAS UNIT 3H,SOUTHWESTERN ENERGY PROD CO,Bradford,178,,,Apr 2016 (Unconventional wells),Sep 2023 (WASTE: Unconventional wells),True
145312,KILE,CARRIZO (MARCELLUS) LLC,Wyoming,178,,,Apr 2016 (Unconventional wells),Sep 2021 (WASTE: Unconventional wells),True
147919,GU-K-PAD,SOUTHWESTERN ENERGY PROD CO,Bradford,169,,,Aug 2016 (Unconventional wells),Sep 2023 (WASTE: Unconventional wells),True
149169,MACIALEK PAD,CITRUS ENERGY CORP,Wyoming,166,34.834.8,,Apr 2017 (WASTE: Unconventional wells),Sep 2022 (WASTE: Unconventional wells),True
145507,BRAY B PAD 1,COTERRA ENERGY INC,Susquehanna,165,,,Apr 2018 (WASTE: Unconventional wells),Sep 2017 (WASTE: Unconventional wells),True
147944,GU-J-CHAMBERLIN-MEYER-PAD,SOUTHWESTERN ENERGY PROD CO,Bradford,160,,,Apr 2016 (Unconventional wells),Sep 2023 (WASTE: Unconventional wells),True
157759,P&G 2 PAD,CITRUS ENERGY CORP,Wyoming,148,,,Apr 2018 (WASTE: Unconventional wells),Sep 2023 (WASTE: Unconventional wells),True
151081,CAPRIO S 07-077,REPSOL OIL & GAS USA LLC,Susquehanna,148,,,Apr 2022 (WASTE: Unconventional wells),Sep 2023 (WASTE: Unconventional wells),True
146670,KROPA T PAD 1,COTERRA ENERGY INC,Susquehanna,142,,,Apr 2017 (WASTE: Unconventional wells),Sep 2017 (WASTE: Unconventional wells),True
150178,GU-F-PAD,SOUTHWESTERN ENERGY PROD CO,Bradford,142,,,Apr 2016 (Unconventional wells),Sep 2023 (WASTE: Unconventional wells),True
148373,FRASER E PAD 1,COTERRA ENERGY INC,Susquehanna,141,,,Apr 2017 (WASTE: Unconventional wells),Sep 2017 (WASTE: Unconventional wells),True
152606,WARRINER S PAD 1,COTERRA ENERGY INC,Susquehanna,139,,,Apr 2018 (WASTE: Unconventional wells),Sep 2017 (WASTE: Unconventional wells),True
147898,FRYSTAK C PAD 1,COTERRA ENERGY INC,Susquehanna,136,,,Apr 2017 (WASTE: Unconventional wells),Sep 2017 (WASTE: Unconventional wells),True
151032,"GRASAVAGE, E. PAD 1",COTERRA ENERGY INC,Susquehanna,135,,,Apr 2017 (WASTE: Unconventional wells),Sep 2017 (WASTE: Unconventional wells),True
152870,LAMBERT R PAD 1,COTERRA ENERGY INC,Susquehanna,132,,,Apr 2018 (WASTE: Unconventional wells),Sep 2017 (WASTE: Unconventional wells),True
151243,POWERS N 2 WELL SITE,COTERRA ENERGY INC,Susquehanna,132,,,Apr 2017 (WASTE: Unconventional wells),Sep 2017 (WASTE: Unconventional wells),True
151060,GU-G SOUTH-PAD,SOUTHWESTERN ENERGY PROD CO,Bradford,131,,,Apr 2016 (Unconventional wells),Sep 2023 (WASTE: Unconventional wells),True
152044,POWERS N WELL SITE,COTERRA ENERGY INC,Susquehanna,130,,,Apr 2017 (WASTE: Unconventional wells),Sep 2017 (WASTE: Unconventional wells),True
145128,GILLINGHAM M PAD 1,COTERRA ENERGY INC,Susquehanna,124,,,Apr 2017 (WASTE: Unconventional wells),Sep 2017 (WASTE: Unconventional wells),True
149773,HEMLOCK VALLEY BRA,REPSOL OIL & GAS USA LLC,Bradford,120,,,Apr 2022 (WASTE: Unconventional wells),Sep 2023 (WASTE: Unconventional wells),True
149734,KROPP C 07-017,REPSOL OIL & GAS USA LLC,Susquehanna,120,,,Apr 2022 (WASTE: Unconventional wells),Sep 2020 (WASTE: Unconventional wells),True
147394,GU-O-MARCUCCI-JONES-PAD,SOUTHWESTERN ENERGY PROD CO,Bradford,119,,,Apr 2016 (Unconventional wells),Sep 2023 (WASTE: Unconventional wells),True
155456,DCNR 594 (02-200),REPSOL OIL & GAS USA LLC,Tioga,119,,,Apr 2020 (WASTE: Unconventional wells),Sep 2020 (WASTE: Unconventional wells),True
152533,HALLIDAY A PAD 1,COTERRA ENERGY INC,Susquehanna,119,,,Apr 2018 (WASTE: Unconventional wells),Sep 2017 (WASTE: Unconventional wells),True
150917,FRIEDLAND FARMS PAD 1,COTERRA ENERGY INC,Susquehanna,118,,,Apr 2018 (WASTE: Unconventional wells),Sep 2017 (WASTE: Unconventional wells),True
155241,LITTLE FAWN HUNTING CLUB PAD A,EQT ARO LLC,Lycoming,115,,,Apr 2022 (WASTE: Unconventional wells),Sep 2022 (WASTE: Unconventional wells),True
145685,BISHOP B PAD 1,COTERRA ENERGY INC,Susquehanna,114,,,Apr 2018 (WASTE: Unconventional wells),Sep 2017 (WASTE: Unconventional wells),True
148684,KING D PAD 1,COTERRA ENERGY INC,Susquehanna,114,,,Apr 2018 (WASTE: Unconventional wells),Sep 2017 (WASTE: Unconventional wells),True
150209,GU-N-HEBDA-VANDEMARK-PAD,SOUTHWESTERN ENERGY PROD CO,Bradford,112,,,Apr 2016 (Unconventional wells),Sep 2023 (WASTE: Unconventional wells),True
148587,"BLAISURE, JEAN PAD 1",COTERRA ENERGY INC,Susquehanna,112,,,Apr 2018 (WASTE: Unconventional wells),Sep 2017 (WASTE: Unconventional wells),True
148808,TEDDICK M PAD 1,COTERRA ENERGY INC,Susquehanna,112,,,Apr 2021 (WASTE: Unconventional wells),May 2021 (WASTE: Unconventional wells),True
145720,ELBOW F&G PAD C,EQT ARO LLC,Lycoming,111,,,Apr 2022 (WASTE: Unconventional wells),Sep 2022 (WASTE: Unconventional wells),True
149949,MEAD B PAD 1,COTERRA ENERGY INC,Susquehanna,110,,,Apr 2018 (WASTE: Unconventional wells),Sep 2020 (WASTE: Unconventional wells),True
155477,POWERS M PAD 1,COTERRA ENERGY INC,Susquehanna,104,,,Apr 2021 (WASTE: Unconventional wells),Sep 2020 (WASTE: Unconventional wells),True
150542,FOLTZ J PAD 1,COTERRA ENERGY INC,Susquehanna,104,,,Apr 2018 (WASTE: Unconventional wells),Sep 2017 (WASTE: Unconventional wells),True
147709,ALDRICH L PAD 1,COTERRA ENERGY INC,Susquehanna,104,,,Apr 2018 (WASTE: Unconventional wells),Sep 2017 (WASTE: Unconventional wells),True
152263,HOUSENICK J PAD 1,COTERRA ENERGY INC,Susquehanna,101,,,Apr 2017 (WASTE: Unconventional wells),Sep 2020 (WASTE: Unconventional wells),True
148027,GU-02-COOLEY-PAD,SOUTHWESTERN ENERGY PROD CO,Bradford,101,,,Apr 2016 (Unconventional wells),Sep 2016 (Unconventional wells),True
153052,GREENWOOD R PAD 2,COTERRA ENERGY INC,Susquehanna,99,,,Apr 2021 (WASTE: Unconventional wells),Sep 2020 (WASTE: Unconventional wells),True
145784,REYNOLDS R PAD 1,COTERRA ENERGY INC,Susquehanna,99,,,Apr 2017 (WASTE: Unconventional wells),Sep 2017 (WASTE: Unconventional wells),True
156135,WARNER (05-121) W,REPSOL OIL & GAS USA LLC,Susquehanna,99,,,Apr 2024 (WASTE: Unconventional wells),Sep 2023 (WASTE: Unconventional wells),True
150166,BENNETT C PAD 1,COTERRA ENERGY INC,Susquehanna,97,,,Apr 2017 (WASTE: Unconventional wells),Sep 2020 (WASTE: Unconventional wells),True
151143,"STELLITANO, A. PAD 1",COTERRA ENERGY INC,Susquehanna,96,,,Apr 2018 (WASTE: Unconventional wells),Sep 2017 (WASTE: Unconventional wells),True
154063,BELLOWS L,REPSOL OIL & GAS USA LLC,Bradford,96,,,Apr 2022 (WASTE: Unconventional wells),Sep 2020 (WASTE: Unconventional wells),True
147649,KEEVES J PAD 1,COTERRA ENERGY INC,Susquehanna,93,,,Apr 2018 (WASTE: Unconventional wells),Sep 2017 (WASTE: Unconventional wells),True
152945,BISTIS M PAD 1,COTERRA ENERGY INC,Susquehanna,92,,,Apr 2018 (WASTE: Unconventional wells),Sep 2017 (WASTE: Unconventional wells),True
153301,JHHC PAD 1,COTERRA ENERGY INC,Susquehanna,92,,,Apr 2018 (WASTE: Unconventional wells),Oct 2021 (WASTE: Unconventional wells),True
149403,MAKOSKY T PAD 1,COTERRA ENERGY INC,Susquehanna,92,,,Apr 2018 (WASTE: Unconventional wells),Sep 2017 (WASTE: Unconventional wells),True
145352,GU D REEVE,SOUTHWESTERN ENERGY PROD CO,Bradford,91,,,Apr 2016 (Unconventional wells),Sep 2016 (Unconventional wells),True
150220,COP TRACT 551 PAD A,EQT ARO LLC,Lycoming,90,,,Aug 2022 (WASTE: Unconventional wells),Sep 2022 (WASTE: Unconventional wells),True
153474,JEFFERS FARMS PAD 5,COTERRA ENERGY INC,Susquehanna,90,,,Apr 2017 (WASTE: Unconventional wells),Oct 2017 (WASTE: Unconventional wells),True
149140,RAG APPLE LLC PAD 1,COTERRA ENERGY INC,Susquehanna,89,,,Apr 2018 (WASTE: Unconventional wells),Sep 2017 (WASTE: Unconventional wells),True
147917,CAMP COMFORT WELL PAD,REPSOL OIL & GAS USA LLC,Susquehanna,88,,,Apr 2022 (WASTE: Unconventional wells),Nov 2020 (WASTE: Unconventional wells),True
150458,GU-Q-PRESTON-PERKINS-PAD,SOUTHWESTERN ENERGY PROD CO,Bradford,86,,,Apr 2016 (Unconventional wells),Sep 2023 (WASTE: Unconventional wells),True
151383,STRAUS E PAD 1,COTERRA ENERGY INC,Susquehanna,85,,,Apr 2018 (WASTE: Unconventional wells),Sep 2017 (WASTE: Unconventional wells),True
147802,BENNETT R 05-164,REPSOL OIL & GAS USA LLC,Bradford,84,,,Apr 2022 (WASTE: Unconventional wells),Oct 2023 (WASTE: Unconventional wells),True
145604,ELBOW F&G PAD A,EQT ARO LLC,Lycoming,84,,,Apr 2022 (WASTE: Unconventional wells),Sep 2022 (WASTE: Unconventional wells),True
154138,JOHNSON (02-135) K,REPSOL OIL & GAS USA LLC,Tioga,81,,,Aug 2020 (WASTE: Unconventional wells),Sep 2023 (WASTE: Unconventional wells),True
155180,HUGHES (02-204) E,REPSOL OIL & GAS USA LLC,Tioga,80,,,Apr 2020 (WASTE: Unconventional wells),Sep 2020 (WASTE: Unconventional wells),True
152645,FERGUSON A PAD 1,COTERRA ENERGY INC,Susquehanna,78,,,Apr 2018 (WASTE: Unconventional wells),Sep 2017 (WASTE: Unconventional wells),True
152789,ARNONE J PAD 1,COTERRA ENERGY INC,Susquehanna,77,,,Apr 2018 (WASTE: Unconventional wells),Sep 2017 (WASTE: Unconventional wells),True
155127,MONRO (03-142) G,REPSOL OIL & GAS USA LLC,Bradford,77,,,Aug 2020 (WASTE: Unconventional wells),Sep 2020 (WASTE: Unconventional wells),True
155697,ABBOTT M PAD 1,COTERRA ENERGY INC,Susquehanna,76,,,Apr 2021 (WASTE: Unconventional wells),Sep 2020 (WASTE: Unconventional wells),True
145726,GU-12-VANORDER-PATRICK-PAD,SOUTHWESTERN ENERGY PROD CO,Bradford,75,,,Apr 2016 (Unconventional wells),Sep 2016 (Unconventional wells),True
153516,HOWELL G PAD 1,COTERRA ENERGY INC,Susquehanna,74,,,Apr 2017 (WASTE: Unconventional wells),Sep 2017 (WASTE: Unconventional wells),True
146998,GU-M-BLAINE-HOYD-PAD,SOUTHWESTERN ENERGY PROD CO,Bradford,73,,,Apr 2016 (Unconventional wells),Sep 2023 (WASTE: Unconventional wells),True
149289,SHELMAN 291,SWEPI LP,Tioga,72,,,Feb 2017 (WASTE: Unconventional wells),Jul-Dec 2016 (WASTE ONLY: Unconventional Wells),True
148390,GARY SUS,CHESAPEAKE APPALACHIA LLC,Susquehanna,72,,,Apr 2017 (WASTE: Unconventional wells),Mar 2017 (WASTE: Unconventional wells),True
151487,DIAZ FAMILY L P PAD 1,COTERRA ENERGY INC,Susquehanna,67,,,Apr 2018 (WASTE: Unconventional wells),Sep 2017 (WASTE: Unconventional wells),True
150978,MILLARD K PAD 1,COTERRA ENERGY INC,Susquehanna,66,,,Apr 2017 (WASTE: Unconventional wells),Sep 2017 (WASTE: Unconventional wells),True
150998,PLONSKI I PAD 1,COTERRA ENERGY INC,Susquehanna,66,,,Apr 2018 (WASTE: Unconventional wells),Sep 2017 (WASTE: Unconventional wells),True
148465,PETERSEN H PAD 1,COTERRA ENERGY INC,Susquehanna,66,,,Apr 2018 (WASTE: Unconventional wells),Sep 2017 (WASTE: Unconventional wells),True
147749,RUSSO B PAD 1,COTERRA ENERGY INC,Susquehanna,65,,,Apr 2018 (WASTE: Unconventional wells),Sep 2017 (WASTE: Unconventional wells),True
148161,WILLIAMS D PAD 1,COTERRA ENERGY INC,Susquehanna,64,,,Apr 2018 (WASTE: Unconventional wells),Oct 2017 (WASTE: Unconventional wells),True
153555,ABBOTT D PAD 2,COTERRA ENERGY INC,Susquehanna,64,,,Apr 2018 (WASTE: Unconventional wells),Sep 2020 (WASTE: Unconventional wells),True
153825,EVERTS (03-086) P,REPSOL OIL & GAS USA LLC,Bradford,64,,,Aug 2020 (WASTE: Unconventional wells),Nov 2020 (WASTE: Unconventional wells),True
152062,GROOVER S PAD 1,COTERRA ENERGY INC,Susquehanna,64,,,Apr 2018 (WASTE: Unconventional wells),Sep 2020 (WASTE: Unconventional wells),True
149772,MAKAYLA,CHESAPEAKE APPALACHIA LLC,Bradford,63,,,Apr 2017 (WASTE: Unconventional wells),Sep 2018 (WASTE: Unconventional wells),True
147765,GU-I-PAD,SOUTHWESTERN ENERGY PROD CO,Bradford,63,,,Aug 2016 (Unconventional wells),Sep 2016 (Unconventional wells),True
153757,GU C GREENZWEIG,SOUTHWESTERN ENERGY PROD CO,BRADFORD,63,,,Apr 2016 (Unconventional wells),Sep 2016 (Unconventional wells),True
156407,LARUE C PAD 2,COTERRA ENERGY INC,Susquehanna,62,,,Apr 2021 (WASTE: Unconventional wells),Sep 2017 (WASTE: Unconventional wells),True
150625,COP TRACT 357 PAD A,EQT ARO LLC,Lycoming,62,,,Apr 2022 (WASTE: Unconventional wells),Sep 2022 (WASTE: Unconventional wells),True
150750,"LOPATOFSKY, J. PAD 1",COTERRA ENERGY INC,Susquehanna,62,,,Apr 2018 (WASTE: Unconventional wells),Sep 2017 (WASTE: Unconventional wells),True
150706,SQUIER R PAD 1,COTERRA ENERGY INC,Susquehanna,62,,,Apr 2018 (WASTE: Unconventional wells),Sep 2017 (WASTE: Unconventional wells),True
154188,"TSOUROUS, A. PAD 1",COTERRA ENERGY INC,Susquehanna,60,,,Apr 2018 (WASTE: Unconventional wells),May 2021 (WASTE: Unconventional wells),True
152558,BOLCATO G PAD 1,COTERRA ENERGY INC,Susquehanna,60,,,Apr 2018 (WASTE: Unconventional wells),Sep 2017 (WASTE: Unconventional wells),True
148646,JUSER SUS,CHESAPEAKE APPALACHIA LLC,Susquehanna,60,,,Feb 2017 (WASTE: Unconventional wells),May 2019 (WASTE: Unconventional wells),True
155638,COOLEY (05-266) D,REPSOL OIL & GAS USA LLC,Bradford,60,,,Apr 2022 (WASTE: Unconventional wells),Sep 2023 (WASTE: Unconventional wells),True
152445,DECKER T PAD 1,COTERRA ENERGY INC,Susquehanna,58,,,Apr 2018 (WASTE: Unconventional wells),Sep 2017 (WASTE: Unconventional wells),True
151063,GU-A-ROSS-ROBERTS-PAD,SOUTHWESTERN ENERGY PROD CO,Bradford,58,,,Apr 2016 (Unconventional wells),Sep 2016 (Unconventional wells),True
148559,GU-03-HOWLAND-LENT-PAD,SOUTHWESTERN ENERGY PROD CO,Bradford,57,,,Apr 2016 (Unconventional wells),Sep 2023 (WASTE: Unconventional wells),True
149307,SIVERS BRA,CHESAPEAKE APPALACHIA LLC,Bradford,56,,,Apr 2017 (WASTE: Unconventional wells),Sep 2018 (WASTE: Unconventional wells),True
155260,BURKE G PAD 1,COTERRA ENERGY INC,Susquehanna,56,,,Apr 2021 (WASTE: Unconventional wells),Oct 2020 (WASTE: Unconventional wells),True
152029,ALDERFER H 03-109 WELL SITE,REPSOL OIL & GAS USA LLC,Bradford,56,,,Aug 2020 (WASTE: Unconventional wells),Sep 2020 (WASTE: Unconventional wells),True
155448,DCNR 594 02-207,REPSOL OIL & GAS USA LLC,Tioga,55,,,Apr 2020 (WASTE: Unconventional wells),Nov 2023 (WASTE: Unconventional wells),True
152997,ROMEIKA J PAD 1,COTERRA ENERGY INC,Susquehanna,55,,,Apr 2018 (WASTE: Unconventional wells),Sep 2017 (WASTE: Unconventional wells),True
148079,COP TRACT 356 PAD G,ANADARKO E&P ONSHORE LLC,Lycoming,55,,,Apr 2022 (WASTE: Unconventional wells),Sep 2022 (WASTE: Unconventional wells),True
150111,STARZEC E PAD 1,COTERRA ENERGY INC,Susquehanna,54,,,Apr 2018 (WASTE: Unconventional wells),Sep 2017 (WASTE: Unconventional wells),True
148149,CUMMINGS LUMBER 01-081,REPSOL OIL & GAS USA LLC,Bradford,54,,,Aug 2020 (WASTE: Unconventional wells),Sep 2023 (WASTE: Unconventional wells),True
150454,GU-H-ROBINSON-FERGUSON-PAD,SOUTHWESTERN ENERGY PROD CO,Bradford,54,,,Apr 2016 (Unconventional wells),Sep 2016 (Unconventional wells),True
148776,LONGENECKER G 03-008,REPSOL OIL & GAS USA LLC,Bradford,53,,,Aug 2020 (WASTE: Unconventional wells),Oct 2020 (WASTE: Unconventional wells),True
146887,MOLNAR M PAD 1,COTERRA ENERGY INC,Susquehanna,52,,,Apr 2018 (WASTE: Unconventional wells),Sep 2017 (WASTE: Unconventional wells),True
155230,ALDEN EVANS PAD A,EQT ARO LLC,Lycoming,52,,,Apr 2022 (WASTE: Unconventional wells),Sep 2022 (WASTE: Unconventional wells),True
145684,BINIEWICZ S PAD 1,COTERRA ENERGY INC,Susquehanna,52,,,Apr 2018 (WASTE: Unconventional wells),Sep 2017 (WASTE: Unconventional wells),True
145409,HUSTON J PAD 1,COTERRA ENERGY INC,Susquehanna,51,,,Apr 2018 (WASTE: Unconventional wells),Sep 2017 (WASTE: Unconventional wells),True
155743,KLINE (01-125) R,REPSOL OIL & GAS USA LLC,Bradford,50,,,Aug 2020 (WASTE: Unconventional wells),Nov 2023 (WASTE: Unconventional wells),True
147767,BALTZLEY SUS,CHESAPEAKE APPALACHIA LLC,Susquehanna,50,,,Apr 2017 (WASTE: Unconventional wells),May 2017 (WASTE: Unconventional wells),True
148506,HEGE 426,SWEPI LP,Tioga,50,20.3220.3220.3220.3220.32,,Feb 2017 (WASTE: Unconventional wells),Jul-Dec 2016 (WASTE ONLY: Unconventional Wells),True
151400,FONTANA C PAD 1,COTERRA ENERGY INC,Susquehanna,50,,,Apr 2018 (WASTE: Unconventional wells),Sep 2017 (WASTE: Unconventional wells),True
147296,WOOD E PAD 1,COTERRA ENERGY INC,Susquehanna,50,,,Apr 2018 (WASTE: Unconventional wells),Sep 2017 (WASTE: Unconventional wells),True
150208,GU-R-SWISHER-PAD,SOUTHWESTERN ENERGY PROD CO,Bradford,49,,,Apr 2016 (Unconventional wells),Sep 2023 (WASTE: Unconventional wells),True
145380,ELBOW F&G PAD D,ANADARKO E&P ONSHORE LLC,Lycoming,49,,,Apr 2022 (WASTE: Unconventional wells),Sep 2022 (WASTE: Unconventional wells),True
145124,HOUSEL R PAD 1,COTERRA ENERGY INC,Susquehanna,48,,,Apr 2018 (WASTE: Unconventional wells),Sep 2017 (WASTE: Unconventional wells),True
148842,MATZ 824,SWEPI LP,Tioga,48,,,Feb 2017 (WASTE: Unconventional wells),Jul-Dec 2016 (WASTE ONLY: Unconventional Wells),True
148821,MANEVAL 296,SWEPI LP,Tioga,48,,,Feb 2020 (WASTE: Unconventional wells),Jul-Dec 2016 (WASTE ONLY: Unconventional Wells),True
148787,LRJ,CHESAPEAKE APPALACHIA LLC,Susquehanna,48,,,Apr 2017 (WASTE: Unconventional wells),Mar 2017 (WASTE: Unconventional wells),True
148735,LARRYS CREEK F&G PAD E,ANADARKO E&P ONSHORE LLC,Lycoming,48,,,Apr 2022 (WASTE: Unconventional wells),Sep 2022 (WASTE: Unconventional wells),True
147769,BARBINE 292,SWEPI LP,Tioga,48,,,Feb 2017 (WASTE: Unconventional wells),Jul-Dec 2015 (WASTE ONLY: Unconventional Wells),True
149372,STOCK 144,SWEPI LP,Tioga,48,,,Feb 2017 (WASTE: Unconventional wells),Jul-Dec 2016 (WASTE ONLY: Unconventional Wells),True
152389,CHAMBERS O PAD 1,COTERRA ENERGY INC,Susquehanna,48,,,Apr 2018 (WASTE: Unconventional wells),Sep 2017 (WASTE: Unconventional wells),True
149402,FLOWER T PAD 1,COTERRA ENERGY INC,Susquehanna,47,,,Apr 2018 (WASTE: Unconventional wells),Sep 2017 (WASTE: Unconventional wells),True
145868,BUSIK J PAD 1,COTERRA ENERGY INC,Susquehanna,47,,,Apr 2021 (WASTE: Unconventional wells),Nov 2017 (WASTE: Unconventional wells),True
148400,GEORGE E HAGEMEYER PAD A,ANADARKO E&P ONSHORE LLC,Lycoming,47,,,Apr 2022 (WASTE: Unconventional wells),Sep 2021 (WASTE: Unconventional wells),True
149066,PLANTS EVERGREEN FARMS PAD A,ANADARKO E&P ONSHORE LLC,Lycoming,47,,,Apr 2022 (WASTE: Unconventional wells),Sep 2022 (WASTE: Unconventional wells),True
145419,LYNN 719,SWEPI LP,Tioga,47,,,Apr 2022 (WASTE: Unconventional wells),May 2021 (WASTE: Unconventional wells),True
150047,B PAD,SOUTHWESTERN ENERGY PROD CO,Bradford,46,,,Apr 2016 (Unconventional wells),Sep 2016 (Unconventional wells),True
147691,ABELL LIVING TRUST 05-082,REPSOL OIL & GAS USA LLC,Bradford,46,,,Apr 2022 (WASTE: Unconventional wells),Nov 2020 (WASTE: Unconventional wells),True
148720,BURTS L PAD 1,COTERRA ENERGY INC,Susquehanna,46,,,Apr 2018 (WASTE: Unconventional wells),Sep 2017 (WASTE: Unconventional wells),True
147920,CANNELLA SUS,CHESAPEAKE APPALACHIA LLC,Susquehanna,46,,,Apr 2017 (WASTE: Unconventional wells),Sep 2019 (WASTE: Unconventional wells),True
157304,SHAW J,REPSOL OIL & GAS USA LLC,Susquehanna,45,,,Apr 2024 (WASTE: Unconventional wells),Sep 2023 (WASTE: Unconventional wells),True
150844,HAWK J PAD 1,COTERRA ENERGY INC,Susquehanna,45,,,Apr 2018 (WASTE: Unconventional wells),Sep 2017 (WASTE: Unconventional wells),True
149723,PAYNE D PAD 1,COTERRA ENERGY INC,Susquehanna,45,,,Apr 2018 (WASTE: Unconventional wells),Sep 2017 (WASTE: Unconventional wells),True
146553,TEDDICK M PAD 3,COTERRA ENERGY INC,Susquehanna,45,,,Apr 2018 (WASTE: Unconventional wells),Sep 2017 (WASTE: Unconventional wells),True
148335,GU-01-FIELDS-PAD,SOUTHWESTERN ENERGY PROD CO,Bradford,45,,,Apr 2016 (Unconventional wells),Sep 2016 (Unconventional wells),True
152881,DCNR 594 (02-205),REPSOL OIL & GAS USA LLC,Tioga,44,,,Apr 2020 (WASTE: Unconventional wells),Sep 2023 (WASTE: Unconventional wells),True
146892,HORDIS C PAD 1,COTERRA ENERGY INC,Susquehanna,44,,,Apr 2018 (WASTE: Unconventional wells),Sep 2017 (WASTE: Unconventional wells),True
148544,HOLLENBECK,XPR RESOURCES LLC,Susquehanna,44,,,Apr 2016 (Unconventional wells),Nov 2016 (Unconventional wells),True
156058,DAVID C DUNCAN PAD B,EQT ARO LLC,Lycoming,44,,,Aug 2022 (WASTE: Unconventional wells),Sep 2022 (WASTE: Unconventional wells),True
148323,FELTER,CHESAPEAKE APPALACHIA LLC,Bradford,44,,,Feb 2017 (WASTE: Unconventional wells),Mar 2017 (WASTE: Unconventional wells),True
147751,SEVERCOOL B PAD 1,CABOT OIL & GAS CORP,SUSQUEHANNA,43,,,Apr 2018 (WASTE: Unconventional wells),Sep 2017 (WASTE: Unconventional wells),True
149730,TAYLOR BUCKHORN LAND CO 07-010,REPSOL OIL & GAS USA LLC,Susquehanna,43,,,Apr 2022 (WASTE: Unconventional wells),Nov 2020 (WASTE: Unconventional wells),True
144891,JACK WYO,CHESAPEAKE APPALACHIA LLC,Wyoming,43,,,Apr 2017 (WASTE: Unconventional wells),Oct 2019 (WASTE: Unconventional wells),True
148301,ERICKSON 448,SWEPI LP,Tioga,42,,,Feb 2017 (WASTE: Unconventional wells),Jul-Dec 2015 (WASTE ONLY: Unconventional Wells),True
144816,KOROMLAN SUS,CHESAPEAKE APPALACHIA LLC,Susquehanna,42,,,Apr 2017 (WASTE: Unconventional wells),Sep 2018 (WASTE: Unconventional wells),True
148899,MITCHELL 456,SWEPI LP,Tioga,42,,,Apr 2022 (WASTE: Unconventional wells),Nov 2020 (WASTE: Unconventional wells),True
145600,CARRAR,XPR RESOURCES LLC,Susquehanna,42,,,Apr 2016 (Unconventional wells),May 2016 (Unconventional wells),True
144768,HILLTOP SUS,CHESAPEAKE APPALACHIA LLC,Susquehanna,42,,,Apr 2017 (WASTE: Unconventional wells),Mar 2017 (WASTE: Unconventional wells),True
148623,"BLAISURE, JOSEPH PAD 1",COTERRA ENERGY INC,Susquehanna,42,,,Dec 2017 (WASTE: Unconventional wells),Oct 2021 (WASTE: Unconventional wells),True
149733,REPINE T 07-022,REPSOL OIL & GAS USA LLC,Susquehanna,42,,,Apr 2022 (WASTE: Unconventional wells),Nov 2020 (WASTE: Unconventional wells),True
148664,KENNETH L MARTIN PAD A,ANADARKO E&P ONSHORE LLC,Lycoming,42,,,Aug 2022 (WASTE: Unconventional wells),Sep 2022 (WASTE: Unconventional wells),True
149246,SCHILDT 259,TALISMAN ENERGY USA INC,TIOGA,42,,,Apr 2022 (WASTE: Unconventional wells),Nov 2020 (WASTE: Unconventional wells),True
152517,BROOKS FAMILY PAD A,EQT ARO LLC,Lycoming,42,,,Apr 2022 (WASTE: Unconventional wells),Sep 2022 (WASTE: Unconventional wells),True
153695,FOLTZ J PAD 2,COTERRA ENERGY INC,Susquehanna,42,,,Apr 2018 (WASTE: Unconventional wells),Sep 2017 (WASTE: Unconventional wells),True
150135,MARCHO W&M PAD 1,COTERRA ENERGY INC,Susquehanna,41,,,Apr 2018 (WASTE: Unconventional wells),Sep 2017 (WASTE: Unconventional wells),True
155338,HAUSER J PAD 1,COTERRA ENERGY INC,Susquehanna,41,,,Dec 2021 (WASTE: Unconventional wells),May 2021 (WASTE: Unconventional wells),True
144968,CARPENETTI R PAD 1,COTERRA ENERGY INC,Susquehanna,40,,,Apr 2018 (WASTE: Unconventional wells),Sep 2017 (WASTE: Unconventional wells),True
148105,COP TRACT 731 PAD C,ANADARKO E&P ONSHORE LLC,Lycoming,40,,,Aug 2022 (WASTE: Unconventional wells),Nov 2021 (WASTE: Unconventional wells),True
154245,GU-X SEYMOUR PAD,SWN PROD CO LLC,Bradford,40,,,Apr 2024 (WASTE: Unconventional wells),Sep 2023 (WASTE: Unconventional wells),True
148484,HARRY W STRYKER PAD A,ANADARKO E&P ONSHORE LLC,Lycoming,40,,,Aug 2022 (WASTE: Unconventional wells),Sep 2022 (WASTE: Unconventional wells),True
148705,KNOWLTON 303,SWEPI LP,Tioga,40,,,Feb 2017 (WASTE: Unconventional wells),Jul-Dec 2016 (WASTE ONLY: Unconventional Wells),True
149543,WATSON B 03-051,REPSOL OIL & GAS USA LLC,Bradford,40,,,Aug 2020 (WASTE: Unconventional wells),Nov 2020 (WASTE: Unconventional wells),True
148440,"GREENWOOD, R. PAD 1",COTERRA ENERGY INC,Susquehanna,40,,,Apr 2018 (WASTE: Unconventional wells),Sep 2017 (WASTE: Unconventional wells),True
153614,DORN (02-180) A,REPSOL OIL & GAS USA LLC,Tioga,40,,,Aug 2020 (WASTE: Unconventional wells),Sep 2020 (WASTE: Unconventional wells),True
148221,DEPUE,XPR RESOURCES LLC,Susquehanna,40,,,Apr 2016 (Unconventional wells),May 2016 (Unconventional wells),True
148230,DEWING R 05-100,REPSOL OIL & GAS USA LLC,Bradford,40,,,Apr 2022 (WASTE: Unconventional wells),Sep 2023 (WASTE: Unconventional wells),True
149620,YUNGWIRTH 307,EAST RESOURCES INC,Tioga,39,,,Feb 2020 (WASTE: Unconventional wells),Jul-Dec 2015 (WASTE ONLY: Unconventional Wells),True
156202,BEAR CLAW,EQT ARO LLC,Lycoming,39,,,Dec 2023 (WASTE: Unconventional wells),May 2024 (WASTE: Unconventional wells),True
156109,CHAPMAN BOHLIN PAD A,EQT ARO LLC,Lycoming,39,,,Apr 2022 (WASTE: Unconventional wells),Sep 2022 (WASTE: Unconventional wells),True
148950,NEVILLE V 05-028,REPSOL OIL & GAS USA LLC,Bradford,39,,,Apr 2022 (WASTE: Unconventional wells),Sep 2020 (WASTE: Unconventional wells),True
145668,ODOWD SUS,CHESAPEAKE APPALACHIA LLC,Susquehanna,39,,,Feb 2017 (WASTE: Unconventional wells),Sep 2018 (WASTE: Unconventional wells),True
146765,DELANEY J 651,SWEPI LP,Tioga,39,,,Feb 2017 (WASTE: Unconventional wells),Jul-Dec 2015 (WASTE ONLY: Unconventional Wells),True
149287,SHEDDEN D 01-026/027,TALISMAN ENERGY USA INC,BRADFORD,39,,,Aug 2020 (WASTE: Unconventional wells),Mar 2020 (WASTE: Unconventional wells),True
150159,KIELAR D PAD 1,COTERRA ENERGY INC,Susquehanna,38,,,Apr 2018 (WASTE: Unconventional wells),Sep 2017 (WASTE: Unconventional wells),True
147536,ALVAREZ,CHESAPEAKE APPALACHIA LLC,Bradford,38,,,Apr 2019 (WASTE: Unconventional wells),Sep 2019 (WASTE: Unconventional wells),True
152065,WRIGHT W PAD 1,COTERRA ENERGY INC,Susquehanna,36,,,Aug 2017 (WASTE: Unconventional wells),Sep 2017 (WASTE: Unconventional wells),True
148189,DCNR 587 02-001,REPSOL OIL & GAS USA LLC,Tioga,36,,,Aug 2020 (WASTE: Unconventional wells),Sep 2020 (WASTE: Unconventional wells),True
145404,COP TRACT 293 PAD B,PA GEN ENERGY CO LLC,Lycoming,36,,,Jan - Jun 2014 (Unconventional wells),Sep 2018 (WASTE: Unconventional wells),True
154872,REINFRIED C 02-113,REPSOL OIL & GAS USA LLC,Tioga,36,,,Aug 2020 (WASTE: Unconventional wells),Mar 2022 (WASTE: Unconventional wells),True
156162,OMR (02-188),REPSOL OIL & GAS USA LLC,Tioga,36,,,Feb 2024 (WASTE: Unconventional wells),Sep 2023 (WASTE: Unconventional wells),True
155240,MAC PAD B,EQT ARO LLC,Lycoming,36,,,Apr 2022 (WASTE: Unconventional wells),Sep 2022 (WASTE: Unconventional wells),True
155406,BROADLEAF HOLDINGS (01-115),REPSOL OIL & GAS USA LLC,Bradford,36,,,Apr 2022 (WASTE: Unconventional wells),Sep 2020 (WASTE: Unconventional wells),True
148596,PLONSKI J PAD 1,COTERRA ENERGY INC,Susquehanna,36,,,Aug 2017 (WASTE: Unconventional wells),Sep 2017 (WASTE: Unconventional wells),True
148155,BERRY D PAD 1,COTERRA ENERGY INC,Susquehanna,36,,,Aug 2017 (WASTE: Unconventional wells),Sep 2017 (WASTE: Unconventional wells),True
149331,SODERBURG 501,EAST RESOURCES MGMT LLC,Tioga,36,,,Feb 2020 (WASTE: Unconventional wells),Jul-Dec 2016 (WASTE ONLY: Unconventional Wells),True
147948,CHAPMAN 237,EAST RESOURCES INC,Tioga,36,,,Feb 2020 (WASTE: Unconventional wells),Jul-Dec 2015 (WASTE ONLY: Unconventional Wells),True
148425,GOLL BRA,CHESAPEAKE APPALACHIA LLC,Bradford,36,,,Apr 2017 (WASTE: Unconventional wells),Sep 2018 (WASTE: Unconventional wells),True
156459,GRIFFITHS J PAD 1,COTERRA ENERGY INC,Susquehanna,36,,,Dec 2021 (WASTE: Unconventional wells),Oct 2021 (WASTE: Unconventional wells),True
155840,SALT RUN HC EXT PAD A,EQT ARO LLC,Lycoming,35,,,Dec 2023 (WASTE: Unconventional wells),Sep 2023 (WASTE: Unconventional wells),True
149485,UPHAM R 05-129,REPSOL OIL & GAS USA LLC,Bradford,35,,,Aug 2020 (WASTE: Unconventional wells),Nov 2020 (WASTE: Unconventional wells),True
149615,YORK 480,EAST RESOURCES INC,Tioga,35,,,Feb 2020 (WASTE: Unconventional wells),Jul-Dec 2016 (WASTE ONLY: Unconventional Wells),True
149359,STARKS 460,EAST RESOURCES INC,Tioga,35,,,Feb 2020 (WASTE: Unconventional wells),Jul-Dec 2015 (WASTE ONLY: Unconventional Wells),True
149769,APPOLD 493,SWEPI LP,Tioga,35,,,Feb 2020 (WASTE: Unconventional wells),Jul - Dec 2014 (Unconventional wells),True
148892,MILLER E 116,SWEPI LP,Tioga,34,,,Jan-Jun 2015 (WASTE ONLY: Unconventional Wells),Jul-Dec 2016 (WASTE ONLY: Unconventional Wells),True
149431,THOMAS 808,ULTRA RESOURCES INC,Tioga,34,,,Feb 2017 (WASTE: Unconventional wells),May 2022 (WASTE: Unconventional wells),True
145148,THOMAS R PAD 1,COTERRA ENERGY INC,Susquehanna,34,,,Apr 2018 (WASTE: Unconventional wells),Sep 2017 (WASTE: Unconventional wells),True
149127,HINKLEY R PAD 1,COTERRA ENERGY INC,Susquehanna,34,,,Apr 2018 (WASTE: Unconventional wells),Sep 2017 (WASTE: Unconventional wells),True
151887,ROUNDWOOD,CHESAPEAKE APPALACHIA LLC,Wyoming,33,,,Jan 2018 (WASTE: Unconventional wells),Sep 2017 (WASTE: Unconventional wells),True
150898,SLOCUM S PAD 1,COTERRA ENERGY INC,Susquehanna,33,,,Apr 2018 (WASTE: Unconventional wells),Sep 2017 (WASTE: Unconventional wells),True
148891,MILLER BRA,CHESAPEAKE APPALACHIA LLC,Bradford,33,,,Apr 2017 (WASTE: Unconventional wells),Mar 2017 (WASTE: Unconventional wells),True
149385,STROPE M 05-026,REPSOL OIL & GAS USA LLC,Bradford,33,,,Aug 2020 (WASTE: Unconventional wells),Nov 2020 (WASTE: Unconventional wells),True
148599,ZICK J PAD 1,COTERRA ENERGY INC,Susquehanna,33,,,Apr 2018 (WASTE: Unconventional wells),Sep 2017 (WASTE: Unconventional wells),True
148368,FRANCLAIRE WYO,CHESAPEAKE APPALACHIA LLC,Wyoming,33,,,Jan 2018 (WASTE: Unconventional wells),Sep 2018 (WASTE: Unconventional wells),True
145475,KIPAR SUS,CHESAPEAKE APPALACHIA LLC,Susquehanna,33,,,Feb 2018 (WASTE: Unconventional wells),Sep 2018 (WASTE: Unconventional wells),True
151951,COLWELL A PAD 1,COTERRA ENERGY INC,Susquehanna,33,,,Apr 2018 (WASTE: Unconventional wells),Sep 2017 (WASTE: Unconventional wells),True
145117,CASTROGIOVANNI A PAD 3,COTERRA ENERGY INC,Susquehanna,32,,,Aug 2017 (WASTE: Unconventional wells),Sep 2017 (WASTE: Unconventional wells),True
145438,MANNING SUL,CHESAPEAKE APPALACHIA LLC,Sullivan,32,,,Apr 2019 (WASTE: Unconventional wells),Sep 2019 (WASTE: Unconventional wells),True
149722,GU-04-WILLIAMS-AEPPLI-PAD,SOUTHWESTERN ENERGY PROD CO,Bradford,32,,,Apr 2024 (WASTE: Unconventional wells),Nov 2023 (WASTE: Unconventional wells),True
147708,ALDERSON V 05-011,REPSOL OIL & GAS USA LLC,Bradford,32,,,Aug 2020 (WASTE: Unconventional wells),Sep 2023 (WASTE: Unconventional wells),True
150372,BRADFORD 481/603,SWEPI LP,Tioga,32,,,Feb 2020 (WASTE: Unconventional wells),Jul-Dec 2016 (WASTE ONLY: Unconventional Wells),True
148993,WALDENBERGER P PAD 1,COTERRA ENERGY INC,Susquehanna,32,,,Apr 2018 (WASTE: Unconventional wells),Oct 2017 (WASTE: Unconventional wells),True
148115,"COSNER,W. PAD 1",COTERRA ENERGY INC,Susquehanna,32,,,Aug 2017 (WASTE: Unconventional wells),Sep 2017 (WASTE: Unconventional wells),True
148075,COP TRACT 344 PAD A,ANADARKO E&P ONSHORE LLC,Clinton,32,,,Aug 2022 (WASTE: Unconventional wells),Sep 2022 (WASTE: Unconventional wells),True
148137,CRANK O 03-067,REPSOL OIL & GAS USA LLC,Bradford,32,,,Apr 2024 (WASTE: Unconventional wells),Mar 2024 (WASTE: Unconventional wells),True
147015,ELBOW F&G PAD B,ANADARKO E&P ONSHORE LLC,Lycoming,32,,,Apr 2022 (WASTE: Unconventional wells),Mar 2020 (WASTE: Unconventional wells),True
146094,EMPET D PAD 1,COTERRA ENERGY INC,Susquehanna,32,,,Apr 2018 (WASTE: Unconventional wells),Sep 2017 (WASTE: Unconventional wells),True
151133,KLEIN R 01-014,TALISMAN ENERGY USA INC,BRADFORD,32,,,Aug 2020 (WASTE: Unconventional wells),Mar 2020 (WASTE: Unconventional wells),True
148713,KREITZER R 505,SWEPI LP,Tioga,31,,,Feb 2017 (WASTE: Unconventional wells),Jul-Dec 2016 (WASTE ONLY: Unconventional Wells),True
148659,KEIR BRA,CHESAPEAKE APPALACHIA LLC,Bradford,30,,,Apr 2017 (WASTE: Unconventional wells),Sep 2018 (WASTE: Unconventional wells),True
148329,FEUSNER J 03-044,REPSOL OIL & GAS USA LLC,Bradford,30,,,Aug 2020 (WASTE: Unconventional wells),Oct 2020 (WASTE: Unconventional wells),True
145295,JES,CHESAPEAKE APPALACHIA LLC,Bradford,30,,,Apr 2017 (WASTE: Unconventional wells),Nov 2018 (WASTE: Unconventional wells),True
148063,COP TRACT 289 PAD D,ANADARKO E&P ONSHORE LLC,Lycoming,30,,,Aug 2022 (WASTE: Unconventional wells),Sep 2022 (WASTE: Unconventional wells),True
155449,ALDERSON V 05 269,REPSOL OIL & GAS USA LLC,Bradford,30,,,Apr 2022 (WASTE: Unconventional wells),Oct 2023 (WASTE: Unconventional wells),True
149283,SHAW TRUST 500,SWEPI LP,Tioga,30,,,Feb 2020 (WASTE: Unconventional wells),Jul-Dec 2016 (WASTE ONLY: Unconventional Wells),True
148949,NESTOR E 551,SWEPI LP,Tioga,30,,,Feb 2017 (WASTE: Unconventional wells),Jul-Dec 2016 (WASTE ONLY: Unconventional Wells),True
149024,PAZZAGLIA 507,EAST RESOURCES INC,Tioga,30,,,Feb 2020 (WASTE: Unconventional wells),Jul-Dec 2015 (WASTE ONLY: Unconventional Wells),True
148309,F LIPPINCOTT P1 PAD,COTERRA ENERGY INC,Susquehanna,30,,,Aug 2017 (WASTE: Unconventional wells),Sep 2017 (WASTE: Unconventional wells),True
149224,ROY B WELL PAD,REPSOL OIL & GAS USA LLC,Bradford,30,,,Aug 2020 (WASTE: Unconventional wells),Sep 2020 (WASTE: Unconventional wells),True
149480,UGLIUZZA L 05-006,REPSOL OIL & GAS USA LLC,Bradford,29,,,Aug 2020 (WASTE: Unconventional wells),Nov 2020 (WASTE: Unconventional wells),True
155836,COP TRACT 551 PAD B,EQT ARO LLC,Lycoming,28,,,Jun 2021 (WASTE: Unconventional wells),Sep 2023 (WASTE: Unconventional wells),True
151969,LERNER G PAD 1,COTERRA ENERGY INC,Susquehanna,28,,,Apr 2018 (WASTE: Unconventional wells),Sep 2017 (WASTE: Unconventional wells),True
146456,LOFFREDO J PAD 1,COTERRA ENERGY INC,Wyoming,28,,,Apr 2018 (WASTE: Unconventional wells),Sep 2017 (WASTE: Unconventional wells),True
149296,SHORES BRA,CHESAPEAKE APPALACHIA LLC,Bradford,28,,,Apr 2017 (WASTE: Unconventional wells),Mar 2017 (WASTE: Unconventional wells),True
149596,WOOD 626,SWEPI LP,Tioga,28,,,Feb 2020 (WASTE: Unconventional wells),Jul-Dec 2016 (WASTE ONLY: Unconventional Wells),True
150237,ACKER C PAD 1,COTERRA ENERGY INC,Susquehanna,28,,,Apr 2018 (WASTE: Unconventional wells),Sep 2017 (WASTE: Unconventional wells),True
148204,DCNR 587 02-017,REPSOL OIL & GAS USA LLC,Tioga,28,,,Feb 2024 (WASTE: Unconventional wells),Sep 2023 (WASTE: Unconventional wells),True
149103,PRZYBYSZEWSKI SUS,CHESAPEAKE APPALACHIA LLC,Susquehanna,28,,,Apr 2017 (WASTE: Unconventional wells),Mar 2017 (WASTE: Unconventional wells),True
149666,BLYE,XPR RESOURCES LLC,Susquehanna,28,,,Apr 2016 (Unconventional wells),May 2016 (Unconventional wells),True
144685,PAD U,SOUTHWESTERN ENERGY PROD CO,Bradford,27,,,Aug 2016 (Unconventional wells),Sep 2016 (Unconventional wells),True
149493,VANDERGRIFT 290,SWEPI LP,Tioga,27,,,Feb 2020 (WASTE: Unconventional wells),Jul-Dec 2015 (WASTE ONLY: Unconventional Wells),True
151663,DYSON W PAD 1,COTERRA ENERGY INC,Susquehanna,27,,,Apr 2018 (WASTE: Unconventional wells),Sep 2017 (WASTE: Unconventional wells),True
148266,BUNNELL E PAD 2,COTERRA ENERGY INC,Susquehanna,27,,,Apr 2018 (WASTE: Unconventional wells),Sep 2017 (WASTE: Unconventional wells),True
150897,BUTLER L PAD 1,COTERRA ENERGY INC,Susquehanna,27,,,Apr 2018 (WASTE: Unconventional wells),Sep 2017 (WASTE: Unconventional wells),True
148556,HOUCK L 433,SWEPI LP,Tioga,27,,,Dec 2019 (WASTE: Unconventional wells),Jan 2020 (WASTE: Unconventional wells),True
148331,FEUSNER,REPSOL OIL & GAS USA LLC,Bradford,27,,,Aug 2020 (WASTE: Unconventional wells),Feb 2020 (WASTE: Unconventional wells),True
149241,SAWYER 376,SWEPI LP,Tioga,27,,,Feb 2024 (WASTE: Unconventional wells),Jul-Dec 2016 (WASTE ONLY: Unconventional Wells),True
150595,MITCHELL,XPR RESOURCES LLC,Susquehanna,27,,,Apr 2016 (Unconventional wells),Mar 2024 (WASTE: Unconventional wells),True
148327,GU-G-PAD,SOUTHWESTERN ENERGY PROD CO,Bradford,26,,,Aug 2016 (Unconventional wells),Sep 2016 (Unconventional wells),True
147900,LARUE C PAD 1,CABOT OIL & GAS CORP,SUSQUEHANNA,26,,,Apr 2018 (WASTE: Unconventional wells),Sep 2017 (WASTE: Unconventional wells),True
155684,BENNER J PAD 1,COTERRA ENERGY INC,Susquehanna,26,,,Apr 2021 (WASTE: Unconventional wells),Oct 2021 (WASTE: Unconventional wells),True
151132,GARRISON,CHESAPEAKE APPALACHIA LLC,Wyoming,26,,,Aug 2018 (WASTE: Unconventional wells),Sep 2018 (WASTE: Unconventional wells),True
150593,HAYES,XPR RESOURCES LLC,Susquehanna,26,,,Apr 2016 (Unconventional wells),May 2016 (Unconventional wells),True
148109,CORBIN J PAD 1,COTERRA ENERGY INC,Susquehanna,26,,,Apr 2018 (WASTE: Unconventional wells),Oct 2017 (WASTE: Unconventional wells),True
148653,KASS,XPR RESOURCES LLC,Susquehanna,26,,,Apr 2016 (Unconventional wells),May 2016 (Unconventional wells),True
147914,ROZELL C PAD 1,COTERRA ENERGY INC,Susquehanna,26,,,Apr 2018 (WASTE: Unconventional wells),Sep 2017 (WASTE: Unconventional wells),True
146907,COP TRACT 293 PAD E,PA GEN ENERGY CO LLC,Lycoming,25,,,Jan - Jun 2014 (Unconventional wells),Sep 2018 (WASTE: Unconventional wells),True
148474,HARALAMBOUS G 03-074,REPSOL OIL & GAS USA LLC,Bradford,25,,,Dec 2023 (WASTE: Unconventional wells),Sep 2023 (WASTE: Unconventional wells),True
148097,COP TRACT 728 PAD D,ANADARKO E&P ONSHORE LLC,Lycoming,25,,,Dec 2021 (WASTE: Unconventional wells),Sep 2022 (WASTE: Unconventional wells),True
147934,CARTY,XPR RESOURCES LLC,Susquehanna,25,,,Apr 2016 (Unconventional wells),May 2016 (Unconventional wells),True
158045,ROCKEFELLER B WELL PAD,REPSOL OIL & GAS USA LLC,Susquehanna,25,,,Apr 2024 (WASTE: Unconventional wells),May 2024 (WASTE: Unconventional wells),True
149621,YURKANIN J 03-014,REPSOL OIL & GAS USA LLC,Bradford,25,,,Dec 2020 (WASTE: Unconventional wells),Nov 2020 (WASTE: Unconventional wells),True
146325,DELUCIA R PAD 1,COTERRA ENERGY INC,Susquehanna,24,,,Apr 2018 (WASTE: Unconventional wells),Sep 2017 (WASTE: Unconventional wells),True
151189,TLC WELL SITE,INFLECTION ENERGY (PA) LLC,Lycoming,24,,,Feb 2017 (WASTE: Unconventional wells),Sep 2019 (WASTE: Unconventional wells),True
149236,SAMPSON 147,EAST RESOURCES INC,Tioga,24,,,Feb 2020 (WASTE: Unconventional wells),Jul-Dec 2016 (WASTE ONLY: Unconventional Wells),True
150851,KURT H HAUFLER PAD A,ANADARKO E&P ONSHORE LLC,Lycoming,24,,,Aug 2022 (WASTE: Unconventional wells),Sep 2022 (WASTE: Unconventional wells),True
148148,CUMMINGS 823,SWEPI LP,Tioga,24,,,Jan 2017 (WASTE: Unconventional wells),Jul-Dec 2015 (WASTE ONLY: Unconventional Wells),True
147391,FLACK 502,SWEPI LP,Tioga,24,,,Feb 2020 (WASTE: Unconventional wells),Jul-Dec 2016 (WASTE ONLY: Unconventional Wells),True
148956,NOBLE S 03-029,REPSOL OIL & GAS USA LLC,Bradford,24,,,Aug 2020 (WASTE: Unconventional wells),Nov 2020 (WASTE: Unconventional wells),True
148349,FLASH BRA,CHESAPEAKE APPALACHIA LLC,Bradford,24,,,Apr 2017 (WASTE: Unconventional wells),Mar 2019 (WASTE: Unconventional wells),True
147534,TUFANO BRA,CHESAPEAKE APPALACHIA LLC,Bradford,24,,,Apr 2017 (WASTE: Unconventional wells),Sep 2018 (WASTE: Unconventional wells),True
148994,WELLS P PAD 1,COTERRA ENERGY INC,Susquehanna,24,,,Apr 2018 (WASTE: Unconventional wells),Oct 2017 (WASTE: Unconventional wells),True
149291,SHERMAN 234,EAST RESOURCES MGMT LLC,Tioga,24,,,Feb 2020 (WASTE: Unconventional wells),Jul - Dec 2014 (Unconventional wells),True
145860,GU-05-GYPSY HILL-EASTABROOK-PAD,SOUTHWESTERN ENERGY PROD CO,Bradford,24,,,Apr 2016 (Unconventional wells),Sep 2016 (Unconventional wells),True
149429,THOMAS FT 01-002,TALISMAN ENERGY USA INC,BRADFORD,24,,,Aug 2020 (WASTE: Unconventional wells),Nov 2020 (WASTE: Unconventional wells),True
148069,COP TRACT 293 PAD H,PA GEN ENERGY CO LLC,Lycoming,24,,,Jan - Jun 2014 (Unconventional wells),Sep 2018 (WASTE: Unconventional wells),True
150025,HERMAN,XPR RESOURCES LLC,Susquehanna,24,,,Feb 2016 (Unconventional wells),May 2016 (Unconventional wells),True
147827,BLUEGRASS SUS,CHESAPEAKE APPALACHIA LLC,Susquehanna,24,,,Apr 2017 (WASTE: Unconventional wells),Mar 2017 (WASTE: Unconventional wells),True
147850,BRELSFORD H 01-086,REPSOL OIL & GAS USA LLC,Bradford,24,,,Aug 2020 (WASTE: Unconventional wells),Jul - Dec 2013 (Unconventional wells),True
148489,HARVEST HOLDINGS 01-036,REPSOL OIL & GAS USA LLC,Bradford,24,,,Aug 2020 (WASTE: Unconventional wells),Oct 2020 (WASTE: Unconventional wells),True
148731,LARRYS CREEK F&G PAD B,ANADARKO E&P CO LP,LYCOMING,24,,,Apr 2022 (WASTE: Unconventional wells),Sep 2022 (WASTE: Unconventional wells),True
148668,KENT BRA,CHESAPEAKE APPALACHIA LLC,Bradford,24,,,Apr 2017 (WASTE: Unconventional wells),Mar 2017 (WASTE: Unconventional wells),True
148056,COP TRACT 285 PAD E,ANADARKO E&P ONSHORE LLC,Clinton,24,,,Aug 2022 (WASTE: Unconventional wells),Nov 2021 (WASTE: Unconventional wells),True
145087,LARRYS CREEK F & G PAD F,ANADARKO E&P ONSHORE LLC,Lycoming,24,,,Apr 2022 (WASTE: Unconventional wells),Sep 2022 (WASTE: Unconventional wells),True
147902,MOGRIDGE C PAD 1,COTERRA ENERGY INC,Susquehanna,24,,,Apr 2018 (WASTE: Unconventional wells),Oct 2017 (WASTE: Unconventional wells),True
149576,WILLIAMS R 01-041/042,REPSOL OIL & GAS USA LLC,Bradford,24,,,Aug 2020 (WASTE: Unconventional wells),Feb 2022 (WASTE: Unconventional wells),True
148086,COP TRACT 678 PAD B,ANADARKO E&P ONSHORE LLC,Clinton,23,,,Apr 2022 (WASTE: Unconventional wells),Sep 2022 (WASTE: Unconventional wells),True
144879,ROBINSON,XPR RESOURCES LLC,Susquehanna,23,,,Feb 2016 (Unconventional wells),May 2016 (Unconventional wells),True
149099,P&G 1 PAD,CITRUS ENERGY CORP,WYOMING,23,,,Apr 2018 (WASTE: Unconventional wells),Sep 2021 (WASTE: Unconventional wells),True
148944,NEAL 815,SWEPI LP,Tioga,23,,,Feb 2020 (WASTE: Unconventional wells),Jul-Dec 2015 (WASTE ONLY: Unconventional Wells),True
148860,MCGRAW WYO,CHESAPEAKE APPALACHIA LLC,Wyoming,23,,,Feb 2018 (WASTE: Unconventional wells),Jul-Dec 2016 (WASTE ONLY: Unconventional Wells),True
145503,EDKIN 499,SWEPI LP,Tioga,22,,,Feb 2020 (WASTE: Unconventional wells),Jul-Dec 2016 (WASTE ONLY: Unconventional Wells),True
148859,MCGAVIN SUS,CHESAPEAKE APPALACHIA LLC,Susquehanna,22,,,Feb 2019 (WASTE: Unconventional wells),Sep 2019 (WASTE: Unconventional wells),True
147689,WARNER A PAD 1,COTERRA ENERGY INC,Susquehanna,22,,,Apr 2018 (WASTE: Unconventional wells),Sep 2017 (WASTE: Unconventional wells),True
148779,GU Y LOOMIS PAD,STONE ENERGY CORP,Susquehanna,22,,,Apr 2016 (Unconventional wells),Sep 2016 (Unconventional wells),True
148222,DERIANCHO F PAD 1,COTERRA ENERGY INC,Susquehanna,22,,,Apr 2018 (WASTE: Unconventional wells),Sep 2017 (WASTE: Unconventional wells),True
150333,DANIELS E PAD 1,COTERRA ENERGY INC,Susquehanna,22,,,Apr 2018 (WASTE: Unconventional wells),Sep 2017 (WASTE: Unconventional wells),True
149294,SHIRLEY BRA,CHESAPEAKE APPALACHIA LLC,Bradford,22,,,Apr 2017 (WASTE: Unconventional wells),Oct 2019 (WASTE: Unconventional wells),True
148218,DELHAGEN SUS,CHESAPEAKE APPALACHIA LLC,Susquehanna,22,,,Apr 2017 (WASTE: Unconventional wells),Sep 2018 (WASTE: Unconventional wells),True
146436,PRITCHARD D PAD 1,COTERRA ENERGY INC,Susquehanna,22,,,Apr 2018 (WASTE: Unconventional wells),Sep 2017 (WASTE: Unconventional wells),True
149507,CARLSON W PAD 1,COTERRA ENERGY INC,Susquehanna,22,,,Apr 2018 (WASTE: Unconventional wells),Sep 2017 (WASTE: Unconventional wells),True
149540,WATKINS M 03-052,REPSOL OIL & GAS USA LLC,Bradford,21,,,Apr 2022 (WASTE: Unconventional wells),Mar 2020 (WASTE: Unconventional wells),True
150921,CLARK 486,SWEPI LP,Tioga,21,,,Jan 2017 (WASTE: Unconventional wells),Jul-Dec 2016 (WASTE ONLY: Unconventional Wells),True
148943,NEAL 375,SWEPI LP,Tioga,21,,,Feb 2017 (WASTE: Unconventional wells),Jun 2021 (WASTE: Unconventional wells),True
148055,COP TRACT 285 PAD D,ANADARKO E&P ONSHORE LLC,Clinton,21,,,Aug 2022 (WASTE: Unconventional wells),Sep 2022 (WASTE: Unconventional wells),True
148740,LAUFFER PAD 1,COTERRA ENERGY INC,Susquehanna,21,,,Dec 2021 (WASTE: Unconventional wells),Sep 2017 (WASTE: Unconventional wells),True
148068,COP TRACT 293 PAD G,PA GEN ENERGY CO LLC,Lycoming,21,,,Jan 2022 (WASTE: Unconventional wells),Sep 2018 (WASTE: Unconventional wells),True
145466,YODER PAD,INFLECTION ENERGY (PA) LLC,Lycoming,21,,,Jun 2021 (WASTE: Unconventional wells),Sep 2019 (WASTE: Unconventional wells),True
149057,PIERSON 810,ULTRA RESOURCES INC,Tioga,21,,,Mar 2022 (WASTE: Unconventional wells),May 2022 (WASTE: Unconventional wells),True
148153,CYNTHIA M KNISPEL PAD A,ANADARKO E&P ONSHORE LLC,Lycoming,20,,,Aug 2022 (WASTE: Unconventional wells),Sep 2022 (WASTE: Unconventional wells),True
144890,BOYANOWSKI WYO,CHESAPEAKE APPALACHIA LLC,Wyoming,20,,,Jan-Jun 2015 (WASTE ONLY: Unconventional Wells),Sep 2018 (WASTE: Unconventional wells),True
146896,LASHER SUS,CHESAPEAKE APPALACHIA LLC,Susquehanna,20,,,Jan-Jun 2016 (WASTE ONLY: Unconventional Wells),Jun 2018 (WASTE: Unconventional wells),True
145178,PIESZALA,CHESAPEAKE APPALACHIA LLC,Wyoming,20,,,Feb 2017 (WASTE: Unconventional wells),Mar 2018 (WASTE: Unconventional wells),True
148602,JACK L HIPPLE PAD A,ANADARKO E&P ONSHORE LLC,Lycoming,20,,,Aug 2022 (WASTE: Unconventional wells),Sep 2022 (WASTE: Unconventional wells),True
150854,BIM BRA,CHESAPEAKE APPALACHIA LLC,Bradford,20,,,Dec 2017 (WASTE: Unconventional wells),Sep 2018 (WASTE: Unconventional wells),True
148880,MERRYALL BRA,CHESAPEAKE APPALACHIA LLC,Bradford,20,,,Apr 2017 (WASTE: Unconventional wells),Sep 2018 (WASTE: Unconventional wells),True
147774,BARNER 709,SWEPI LP,Tioga,20,,,Jan-Jun 2015 (WASTE ONLY: Unconventional Wells),Jul-Dec 2016 (WASTE ONLY: Unconventional Wells),True
148732,LARRYS CREEK F&G PAD D,ANADARKO E&P ONSHORE LLC,Lycoming,20,,,Aug 2022 (WASTE: Unconventional wells),Sep 2022 (WASTE: Unconventional wells),True
154612,MOORE S PAD 1,COTERRA ENERGY INC,Susquehanna,20,,,Apr 2021 (WASTE: Unconventional wells),May 2021 (WASTE: Unconventional wells),True
154348,"MYERS, R. PAD 1",COTERRA ENERGY INC,Susquehanna,20,,,Dec 2018 (WASTE: Unconventional wells),Jan 2022 (WASTE: Unconventional wells),True
147973,COCHRAN 705,SWEPI LP,Tioga,20,,,Apr 2022 (WASTE: Unconventional wells),Jun 2021 (WASTE: Unconventional wells),True
148070,COP TRACT 293 PAD I,PA GEN ENERGY CO LLC,Lycoming,20,,,Jan - Jun 2014 (Unconventional wells),Sep 2018 (WASTE: Unconventional wells),True
148736,LARRYS CREEK F&G PAD H,ANADARKO E&P ONSHORE LLC,Lycoming,20,,,Apr 2022 (WASTE: Unconventional wells),Mar 2022 (WASTE: Unconventional wells),True
148734,LARRYS CREEK F&G PAD C,ANADARKO E&P ONSHORE LLC,Lycoming,20,,,Apr 2022 (WASTE: Unconventional wells),Sep 2022 (WASTE: Unconventional wells),True
149542,WATKINS 820,SWEPI LP,Tioga,20,,,Feb 2020 (WASTE: Unconventional wells),Jul-Dec 2016 (WASTE ONLY: Unconventional Wells),True
149120,PUTNAM L 01-077,REPSOL OIL & GAS USA LLC,Bradford,20,,,Mar 2020 (WASTE: Unconventional wells),Sep 2023 (WASTE: Unconventional wells),True
148246,DPH WYO,CHESAPEAKE APPALACHIA LLC,Wyoming,20,,,Dec 2017 (WASTE: Unconventional wells),Jun 2018 (WASTE: Unconventional wells),True
147750,RUSSO B PAD 2,COTERRA ENERGY INC,Susquehanna,20,,,Apr 2018 (WASTE: Unconventional wells),Sep 2017 (WASTE: Unconventional wells),True
152222,TA SUL PAD,CHESAPEAKE APPALACHIA LLC,Sullivan,20,,,Feb 2019 (WASTE: Unconventional wells),Oct 2019 (WASTE: Unconventional wells),True
147697,ADAMS,CHESAPEAKE APPALACHIA LLC,Wyoming,20,,,Apr 2019 (WASTE: Unconventional wells),Sep 2019 (WASTE: Unconventional wells),True
145671,VISNESKI WYO,CHESAPEAKE APPALACHIA LLC,Wyoming,20,,,Apr 2017 (WASTE: Unconventional wells),Jun 2018 (WASTE: Unconventional wells),True
147970,CLEGG 722,RANGE RESOURCES APPALACHIA LLC,Lycoming,20,,,Apr 2022 (WASTE: Unconventional wells),May 2024 (WASTE: Unconventional wells),True
147746,AYERS K 05-005,REPSOL OIL & GAS USA LLC,Bradford,20,,,Dec 2020 (WASTE: Unconventional wells),Nov 2020 (WASTE: Unconventional wells),True
151698,REYNEN J PAD 1,COTERRA ENERGY INC,Susquehanna,20,,,Aug 2017 (WASTE: Unconventional wells),Sep 2017 (WASTE: Unconventional wells),True
153137,WR-73-WEBSTER-PAD,XPR RESOURCES LLC,Susquehanna,19,,,Dec 2023 (WASTE: Unconventional wells),May 2016 (Unconventional wells),True
145152,FRISBEE BRA,CHESAPEAKE APPALACHIA LLC,Bradford,19,,,Apr 2017 (WASTE: Unconventional wells),Sep 2019 (WASTE: Unconventional wells),True
149171,REILLY SUL,CHESAPEAKE APPALACHIA LLC,Sullivan,19,,,Apr 2017 (WASTE: Unconventional wells),May 2017 (WASTE: Unconventional wells),True
148338,FISH 301,SWEPI LP,Tioga,19,,,Feb 2017 (WASTE: Unconventional wells),Jul-Dec 2015 (WASTE ONLY: Unconventional Wells),True
147682,HEITZENRODER A PAD 1,COTERRA ENERGY INC,Susquehanna,19,,,Apr 2018 (WASTE: Unconventional wells),Sep 2017 (WASTE: Unconventional wells),True
148512,HEPLER D 235,SWEPI LP,Tioga,19,,,Feb 2020 (WASTE: Unconventional wells),Jul-Dec 2015 (WASTE ONLY: Unconventional Wells),True
147939,CDJ,CHESAPEAKE APPALACHIA LLC,Bradford,19,,,Apr 2017 (WASTE: Unconventional wells),Jan 2017 (WASTE: Unconventional wells),True
152323,SAMANTHA WYO PAD,CHESAPEAKE APPALACHIA LLC,Wyoming,19,,,Dec 2017 (WASTE: Unconventional wells),Sep 2017 (WASTE: Unconventional wells),True
147776,BARNHART,XPR RESOURCES LLC,Susquehanna,19,,,Apr 2016 (Unconventional wells),May 2016 (Unconventional wells),True
148454,GUILLAUME 715,SWEPI LP,Tioga,19,,,Apr 2022 (WASTE: Unconventional wells),Jul-Dec 2016 (WASTE ONLY: Unconventional Wells),True
148363,FOTI 721,SWEPI LP,Lycoming,19,,,Apr 2021 (WASTE: Unconventional wells),Jul-Dec 2016 (WASTE ONLY: Unconventional Wells),True
145783,TINNA WYO,CHESAPEAKE APPALACHIA LLC,Wyoming,19,,,Apr 2017 (WASTE: Unconventional wells),May 2019 (WASTE: Unconventional wells),True
146540,WHEELER,XPR RESOURCES LLC,Susquehanna,19,,,Jan - Jun 2014 (Unconventional wells),May 2016 (Unconventional wells),True
147620,MARIS,CHESAPEAKE APPALACHIA LLC,Susquehanna,19,,,Dec 2017 (WASTE: Unconventional wells),Sep 2018 (WASTE: Unconventional wells),True
148077,COP TRACT 356 PAD D,ANADARKO E&P ONSHORE LLC,Lycoming,18,,,Aug 2022 (WASTE: Unconventional wells),May 2021 (WASTE: Unconventional wells),True
145425,COP TRACT 293 PAD C,PA GEN ENERGY CO LLC,Lycoming,18,,,Jan 2022 (WASTE: Unconventional wells),Sep 2018 (WASTE: Unconventional wells),True
147871,BUCKWALTER 429,SWEPI LP,Tioga,18,,,Feb 2020 (WASTE: Unconventional wells),Jul-Dec 2016 (WASTE ONLY: Unconventional Wells),True
154593,MOUNTAIN MEADOW LODGE PAD A,EQT ARO LLC,Lycoming,18,,,Aug 2022 (WASTE: Unconventional wells),Mar 2022 (WASTE: Unconventional wells),True
148693,KIPFERL 261,TALISMAN ENERGY USA INC,TIOGA,18,,,Aug 2020 (WASTE: Unconventional wells),Nov 2020 (WASTE: Unconventional wells),True
148683,KINDON 374,SWEPI LP,Tioga,18,,,Jan 2017 (WASTE: Unconventional wells),Jul-Dec 2016 (WASTE ONLY: Unconventional Wells),True
148700,KNAPIK,XPR RESOURCES LLC,Susquehanna,18,,,Apr 2016 (Unconventional wells),May 2016 (Unconventional wells),True
148817,MAIOLINI R PAD 2,COTERRA ENERGY INC,Susquehanna,18,,,Apr 2018 (WASTE: Unconventional wells),Oct 2017 (WASTE: Unconventional wells),True
147687,MANZER A PAD 1,COTERRA ENERGY INC,Susquehanna,18,,,Aug 2017 (WASTE: Unconventional wells),Sep 2017 (WASTE: Unconventional wells),True
150103,TEXAS BLOCKHOUSE PAD B,ANADARKO E&P ONSHORE LLC,Lycoming,18,,,Aug 2022 (WASTE: Unconventional wells),Mar 2019 (WASTE: Unconventional wells),True
152166,NR-01-KING-PAD,SOUTHWESTERN ENERGY PROD CO,Susquehanna,18,,,Jul 2016 (Unconventional wells),May 2016 (Unconventional wells),True
149014,PARTHEMER 284,EAST RESOURCES MGMT LLC,Tioga,18,,,Feb 2020 (WASTE: Unconventional wells),Jul - Dec 2014 (Unconventional wells),True
147696,ADAMS J PAD 1,COTERRA ENERGY INC,Susquehanna,18,,,Apr 2018 (WASTE: Unconventional wells),Sep 2017 (WASTE: Unconventional wells),True
145696,PORTER WYO,CHESAPEAKE APPALACHIA LLC,Wyoming,18,,,Apr 2017 (WASTE: Unconventional wells),Sep 2017 (WASTE: Unconventional wells),True
148896,MILOCHIK SUS,CHESAPEAKE APPALACHIA LLC,Susquehanna,18,,,Jan 2017 (WASTE: Unconventional wells),Jul-Dec 2016 (WASTE ONLY: Unconventional Wells),True
149368,STEVENS BRA,CHESAPEAKE APPALACHIA LLC,Bradford,18,,,Apr 2017 (WASTE: Unconventional wells),May 2017 (WASTE: Unconventional wells),True
147820,BKT BRA,CHESAPEAKE APPALACHIA LLC,Bradford,18,,,Jan - Jun 2014 (Unconventional wells),Jul-Dec 2016 (WASTE ONLY: Unconventional Wells),True
149252,SCHOONOVER BRA,CHESAPEAKE APPALACHIA LLC,Bradford,18,,,Feb 2017 (WASTE: Unconventional wells),May 2019 (WASTE: Unconventional wells),True
151164,WEISS M PAD 1,COTERRA ENERGY INC,Susquehanna,18,,,Apr 2018 (WASTE: Unconventional wells),Sep 2017 (WASTE: Unconventional wells),True
149125,CAREY R PAD 1,COTERRA ENERGY INC,Susquehanna,18,,,Aug 2017 (WASTE: Unconventional wells),Sep 2017 (WASTE: Unconventional wells),True
149258,SCRIVENER BRA,CHESAPEAKE APPALACHIA LLC,Bradford,18,,,Apr 2017 (WASTE: Unconventional wells),May 2019 (WASTE: Unconventional wells),True
144832,KNOSKY,XPR RESOURCES LLC,Susquehanna,18,,,Apr 2024 (WASTE: Unconventional wells),Mar 2024 (WASTE: Unconventional wells),True
147937,CASTLE J 01-047,REPSOL OIL & GAS USA LLC,Bradford,18,,,Feb 2022 (WASTE: Unconventional wells),Nov 2023 (WASTE: Unconventional wells),True
149560,WESTERBAAN 723,SWEPI LP,Tioga,18,,,Apr 2022 (WASTE: Unconventional wells),Jul-Dec 2016 (WASTE ONLY: Unconventional Wells),True
155559,CLDC (02-177),REPSOL OIL & GAS USA LLC,Tioga,17,,,May 2024 (WASTE: Unconventional wells),Sep 2023 (WASTE: Unconventional wells),True
148811,MACGEORGE,XPR RESOURCES LLC,Susquehanna,17,,,Feb 2016 (Unconventional wells),Jun 2016 (Unconventional wells),True
151571,MCDONOUGH WYO,CHESAPEAKE APPALACHIA LLC,Wyoming,17,,,Jan 2017 (WASTE: Unconventional wells),Sep 2017 (WASTE: Unconventional wells),True
150041,SHARPE WYO,CHESAPEAKE APPALACHIA LLC,Wyoming,17,,,Feb 2019 (WASTE: Unconventional wells),Mar 2019 (WASTE: Unconventional wells),True
148763,LIONETTI BRA,CHESAPEAKE APPALACHIA LLC,Bradford,17,,,Apr 2017 (WASTE: Unconventional wells),Oct 2019 (WASTE: Unconventional wells),True
156034,PREMIER WELL SITE,BEECH RESOURCES LLC,Lycoming,16,,,Apr 2022 (WASTE: Unconventional wells),Mar 2020 (WASTE: Unconventional wells),True
149528,WARNER V 05-002,REPSOL OIL & GAS USA LLC,Bradford,16,,,Apr 2022 (WASTE: Unconventional wells),Nov 2020 (WASTE: Unconventional wells),True
148227,DETWEILER J 235A,EAST RESOURCES INC,TIOGA,16,,,Feb 2020 (WASTE: Unconventional wells),Jul - Dec 2014 (Unconventional wells),True
148279,EICK W 03-013,REPSOL OIL & GAS USA LLC,Bradford,16,,,Aug 2020 (WASTE: Unconventional wells),Dec 2020 (WASTE: Unconventional wells),True
149129,HULL R PAD 2,COTERRA ENERGY INC,Susquehanna,16,,,Apr 2018 (WASTE: Unconventional wells),Sep 2017 (WASTE: Unconventional wells),True
149321,SLUMBER VALLEY WYO,CHESAPEAKE APPALACHIA LLC,Wyoming,16,,,Jun 2019 (WASTE: Unconventional wells),Sep 2019 (WASTE: Unconventional wells),True
148316,FARR BRA,CHESAPEAKE APPALACHIA LLC,Bradford,16,,,Apr 2017 (WASTE: Unconventional wells),Mar 2017 (WASTE: Unconventional wells),True
147108,MCLEAN D PAD 1,COTERRA ENERGY INC,Susquehanna,16,,,Apr 2018 (WASTE: Unconventional wells),Sep 2017 (WASTE: Unconventional wells),True
147298,SALANSKY T PAD 1,COTERRA ENERGY INC,Susquehanna,16,,,Dec 2017 (WASTE: Unconventional wells),Sep 2017 (WASTE: Unconventional wells),True
148595,PETTY J PAD 1,COTERRA ENERGY INC,Susquehanna,16,,,Apr 2018 (WASTE: Unconventional wells),Sep 2017 (WASTE: Unconventional wells),True
144945,COP TRACT 322 PAD B,PA GEN ENERGY CO LLC,Lycoming,16,,,Jan-Jun 2015 (WASTE ONLY: Unconventional Wells),Sep 2018 (WASTE: Unconventional wells),True
149077,POLOMSKI BRA,CHESAPEAKE APPALACHIA LLC,Bradford,16,,,Apr 2017 (WASTE: Unconventional wells),Mar 2017 (WASTE: Unconventional wells),True
146442,KENNEDY PAD,SWEPI LP,Tioga,16,,,Feb 2020 (WASTE: Unconventional wells),Jan 2020 (WASTE: Unconventional wells),True
152701,KLINE PAD A,EOG RESOURCES INC,Bradford,16,,,Aug 2018 (WASTE: Unconventional wells),Sep 2019 (WASTE: Unconventional wells),True
148798,LYCOMING H&FC PAD B,ANADARKO E&P ONSHORE LLC,Lycoming,16,,,Aug 2022 (WASTE: Unconventional wells),Sep 2022 (WASTE: Unconventional wells),True
148802,LYON S 01-078,REPSOL OIL & GAS USA LLC,Bradford,16,,,Apr 2022 (WASTE: Unconventional wells),Oct 2020 (WASTE: Unconventional wells),True
149306,SIMPSON BRA,CHESAPEAKE APPALACHIA LLC,Bradford,16,,,Apr 2017 (WASTE: Unconventional wells),Oct 2019 (WASTE: Unconventional wells),True
149762,STUNNER SMITH WELL PAD,INFLECTION ENERGY (PA) LLC,Lycoming,16,,,Jun 2021 (WASTE: Unconventional wells),Oct 2019 (WASTE: Unconventional wells),True
148384,DAVIS G PAD 1,COTERRA ENERGY INC,Susquehanna,16,,,Apr 2018 (WASTE: Unconventional wells),Sep 2017 (WASTE: Unconventional wells),True
149498,VERA SUL,CHESAPEAKE APPALACHIA LLC,Sullivan,16,,,Apr 2017 (WASTE: Unconventional wells),Sep 2018 (WASTE: Unconventional wells),True
148519,HESS R PAD 1,COTERRA ENERGY INC,Susquehanna,16,,,Aug 2017 (WASTE: Unconventional wells),Sep 2017 (WASTE: Unconventional wells),True
149428,THEM BRA,CHESAPEAKE APPALACHIA LLC,Bradford,16,,,Feb 2017 (WASTE: Unconventional wells),Mar 2018 (WASTE: Unconventional wells),True
148695,KIRKOWSKI J 01-066,REPSOL OIL & GAS USA LLC,Bradford,16,,,Aug 2020 (WASTE: Unconventional wells),Mar 2020 (WASTE: Unconventional wells),True
149509,HAWLEY W PAD 1,COTERRA ENERGY INC,Susquehanna,16,,,Apr 2021 (WASTE: Unconventional wells),Sep 2017 (WASTE: Unconventional wells),True
149595,WOOD 513,SWEPI LP,Tioga,15,,,Feb 2020 (WASTE: Unconventional wells),Jan 2020 (WASTE: Unconventional wells),True
149411,TAYLOR 718,SWEPI LP,Tioga,15,,,Jan-Jun 2015 (WASTE ONLY: Unconventional Wells),Mar 2024 (WASTE: Unconventional wells),True
148026,COOLEY P 05-004,REPSOL OIL & GAS USA LLC,Bradford,15,,,Dec 2020 (WASTE: Unconventional wells),Sep 2023 (WASTE: Unconventional wells),True
150561,PARKHURST SUS,CHESAPEAKE APPALACHIA LLC,Susquehanna,15,,,Dec 2017 (WASTE: Unconventional wells),Sep 2018 (WASTE: Unconventional wells),True
151573,WINTER WELL SITE,INFLECTION ENERGY (PA) LLC,Lycoming,15,,,Jan 2019 (WASTE: Unconventional wells),Sep 2019 (WASTE: Unconventional wells),True
147743,"AUGUSTINE, B. PAD 1",COTERRA ENERGY INC,Susquehanna,15,,,Dec 2017 (WASTE: Unconventional wells),Sep 2017 (WASTE: Unconventional wells),True
150215,COP TRACT 322 PAD E,PA GEN ENERGY CO LLC,Lycoming,15,,,Aug 2018 (WASTE: Unconventional wells),Sep 2018 (WASTE: Unconventional wells),True
145847,WOOTTON EAST,XPR RESOURCES LLC,Susquehanna,15,,,Apr 2016 (Unconventional wells),May 2016 (Unconventional wells),True
148464,H LYLE LANDON PAD A,ANADARKO E&P ONSHORE LLC,Lycoming,15,,,Aug 2022 (WASTE: Unconventional wells),Mar 2019 (WASTE: Unconventional wells),True
151888,BACORN,CHESAPEAKE APPALACHIA LLC,Bradford,15,,,Apr 2017 (WASTE: Unconventional wells),Mar 2018 (WASTE: Unconventional wells),True
149747,SHERMAN 492,SWEPI LP,Tioga,15,,,Feb 2020 (WASTE: Unconventional wells),Jul-Dec 2015 (WASTE ONLY: Unconventional Wells),True
147927,CARPENTER K 03-023,REPSOL OIL & GAS USA LLC,Bradford,15,,,Dec 2020 (WASTE: Unconventional wells),Nov 2020 (WASTE: Unconventional wells),True
148132,COYLE,XPR RESOURCES LLC,Susquehanna,15,,,Feb 2016 (Unconventional wells),May 2016 (Unconventional wells),True
149159,RED FOX H&FC PAD B,ANADARKO E&P ONSHORE LLC,Lycoming,15,,,Aug 2022 (WASTE: Unconventional wells),Sep 2023 (WASTE: Unconventional wells),True
147945,CHAMPDALE BRA,CHESAPEAKE APPALACHIA LLC,Bradford,15,,,Jan-Jun 2016 (WASTE ONLY: Unconventional Wells),Sep 2018 (WASTE: Unconventional wells),True
147010,BLUEBERRY HILL BRA,CHESAPEAKE APPALACHIA LLC,Bradford,14,,,Dec 2017 (WASTE: Unconventional wells),Sep 2018 (WASTE: Unconventional wells),True
147941,CERCA BRA,CHESAPEAKE APPALACHIA LLC,Bradford,14,,,Apr 2017 (WASTE: Unconventional wells),Sep 2018 (WASTE: Unconventional wells),True
148609,JAMES BARRETT BRA,CHESAPEAKE APPALACHIA LLC,Bradford,14,,,Apr 2017 (WASTE: Unconventional wells),Jul-Dec 2016 (WASTE ONLY: Unconventional Wells),True
149183,REXFORD BRA,CHESAPEAKE APPALACHIA LLC,Bradford,14,,,Apr 2017 (WASTE: Unconventional wells),Mar 2017 (WASTE: Unconventional wells),True
145379,LARRYS CREEK F & G PAD G,ANADARKO E&P ONSHORE LLC,Lycoming,14,,,Apr 2022 (WASTE: Unconventional wells),Aug 2022 (WASTE: Unconventional wells),True
153381,MAC A,EQT ARO LLC,Lycoming,14,,,Apr 2022 (WASTE: Unconventional wells),Sep 2022 (WASTE: Unconventional wells),True
151134,PIJANOWSKI J PAD 1,COTERRA ENERGY INC,Susquehanna,14,,,Apr 2018 (WASTE: Unconventional wells),Sep 2017 (WASTE: Unconventional wells),True
148310,F TYLER 3H,EOG RESOURCES INC,Bradford,14,,,Apr 2019 (WASTE: Unconventional wells),Sep 2019 (WASTE: Unconventional wells),True
149089,POST J PAD 1,COTERRA ENERGY INC,Susquehanna,14,,,Apr 2018 (WASTE: Unconventional wells),Oct 2017 (WASTE: Unconventional wells),True
149043,PHILLIPS 504,EAST RESOURCES INC,Tioga,14,,,Feb 2020 (WASTE: Unconventional wells),Jul-Dec 2015 (WASTE ONLY: Unconventional Wells),True
148265,DZIUBA BRA,CHESAPEAKE APPALACHIA LLC,Bradford,14,,,Feb 2017 (WASTE: Unconventional wells),Sep 2018 (WASTE: Unconventional wells),True
145984,CRUTTENDEN 846,SWEPI LP,Tioga,14,,,Feb 2020 (WASTE: Unconventional wells),Jul-Dec 2016 (WASTE ONLY: Unconventional Wells),True
146566,MACKEY R PAD 1,COTERRA ENERGY INC,Susquehanna,13,,,Aug 2017 (WASTE: Unconventional wells),Oct 2017 (WASTE: Unconventional wells),True
147507,WOLFE 1H,EOG RESOURCES INC,Bradford,13,,,Apr 2019 (WASTE: Unconventional wells),Sep 2019 (WASTE: Unconventional wells),True
146867,ASHBY 1H,EOG RESOURCES INC,Bradford,13,,,Apr 2019 (WASTE: Unconventional wells),Sep 2019 (WASTE: Unconventional wells),True
148921,MORGAN W 01-074,REPSOL OIL & GAS USA LLC,Bradford,13,,,Nov 2020 (WASTE: Unconventional wells),Nov 2023 (WASTE: Unconventional wells),True
149218,ROSE BRA,CHESAPEAKE APPALACHIA LLC,Bradford,13,,,Apr 2017 (WASTE: Unconventional wells),Mar 2017 (WASTE: Unconventional wells),True
150176,TRAVER E 07-081,REPSOL OIL & GAS USA LLC,Susquehanna,13,,,Aug 2020 (WASTE: Unconventional wells),Sep 2023 (WASTE: Unconventional wells),True
148529,HILLIS BRA,CHESAPEAKE APPALACHIA LLC,Bradford,12,,,Apr 2017 (WASTE: Unconventional wells),Mar 2017 (WASTE: Unconventional wells),True
147857,BRINK BRA,CHESAPEAKE APPALACHIA LLC,Bradford,12,,,Feb 2017 (WASTE: Unconventional wells),Mar 2017 (WASTE: Unconventional wells),True
149373,STONE BRA,CHESAPEAKE APPALACHIA LLC,Bradford,12,,,Apr 2017 (WASTE: Unconventional wells),Mar 2017 (WASTE: Unconventional wells),True
149378,STORMS BRA,CHESAPEAKE APPALACHIA LLC,Bradford,12,,,Feb 2017 (WASTE: Unconventional wells),Jul-Dec 2016 (WASTE ONLY: Unconventional Wells),True
145886,CHERRYMILLS SUL,CHESAPEAKE APPALACHIA LLC,Sullivan,12,,,Aug 2018 (WASTE: Unconventional wells),Sep 2018 (WASTE: Unconventional wells),True
148062,COP TRACT 289 PAD C,ANADARKO E&P ONSHORE LLC,Lycoming,12,,,Aug 2022 (WASTE: Unconventional wells),Feb 2022 (WASTE: Unconventional wells),True
148357,FOLTA BRA,CHESAPEAKE APPALACHIA LLC,Bradford,12,,,Apr 2017 (WASTE: Unconventional wells),Jul-Dec 2016 (WASTE ONLY: Unconventional Wells),True
148369,FRANK A HARTLEY PAD A,ANADARKO E&P ONSHORE LLC,Lycoming,12,,,Jan 2019 (WASTE: Unconventional wells),Sep 2022 (WASTE: Unconventional wells),True
148206,DCNR 587 02-018,REPSOL OIL & GAS USA LLC,Tioga,12,,,Aug 2020 (WASTE: Unconventional wells),Dec 2020 (WASTE: Unconventional wells),True
149519,WALLIS RUN HC PAD A,ANADARKO E&P ONSHORE LLC,Lycoming,12,,,Aug 2022 (WASTE: Unconventional wells),Jun 2021 (WASTE: Unconventional wells),True
145050,RYLEE SUS,CHESAPEAKE APPALACHIA LLC,Susquehanna,12,,,Jan 2018 (WASTE: Unconventional wells),Jul-Dec 2016 (WASTE ONLY: Unconventional Wells),True
148138,CRAWFORD BRA,CHESAPEAKE APPALACHIA LLC,Bradford,12,,,Feb 2017 (WASTE: Unconventional wells),Mar 2019 (WASTE: Unconventional wells),True
148171,DAVID C DUNCAN PAD A,ANADARKO E&P ONSHORE LLC,Lycoming,12,,,Aug 2022 (WASTE: Unconventional wells),Sep 2023 (WASTE: Unconventional wells),True
148166,DANDOIS 482,SWEPI LP,Tioga,12,,,Feb 2020 (WASTE: Unconventional wells),Jul - Dec 2014 (Unconventional wells),True
149151,"RATZEL, D. PAD 1",CABOT OIL & GAS CORP,SUSQUEHANNA,12,,,Dec 2017 (WASTE: Unconventional wells),Oct 2017 (WASTE: Unconventional wells),True
151098,SHUGHART 490,SWEPI LP,Tioga,12,,,Feb 2017 (WASTE: Unconventional wells),Jul-Dec 2015 (WASTE ONLY: Unconventional Wells),True
145599,BARCLAY BRA,CHESAPEAKE APPALACHIA LLC,Bradford,12,,,Jan-Jun 2015 (WASTE ONLY: Unconventional Wells),Jul-Dec 2016 (WASTE ONLY: Unconventional Wells),True
153098,OLSON (02 101) K,REPSOL OIL & GAS USA LLC,Tioga,12,,,Aug 2020 (WASTE: Unconventional wells),Jan 2020 (WASTE: Unconventional wells),True
148655,KATZENSTEIN BRA,CHESAPEAKE APPALACHIA LLC,Bradford,12,,,Apr 2017 (WASTE: Unconventional wells),Mar 2017 (WASTE: Unconventional wells),True
148614,JANET BRA,CHESAPEAKE APPALACHIA LLC,Bradford,12,,,Apr 2017 (WASTE: Unconventional wells),Mar 2017 (WASTE: Unconventional wells),True
147980,COLE 236,EAST RESOURCES INC,Tioga,12,,,Feb 2020 (WASTE: Unconventional wells),Jul - Dec 2014 (Unconventional wells),True
148551,HOOVER G 01-017,REPSOL OIL & GAS USA LLC,Bradford,12,,,Aug 2020 (WASTE: Unconventional wells),Nov 2020 (WASTE: Unconventional wells),True
144653,ALEXANDER BRA,CHESAPEAKE APPALACHIA LLC,Bradford,12,,,Jan-Jun 2016 (WASTE ONLY: Unconventional Wells),May 2019 (WASTE: Unconventional wells),True
148647,"STOCKHOLM, K. PAD 3",COTERRA ENERGY INC,Susquehanna,12,,,Jan 2018 (WASTE: Unconventional wells),Sep 2017 (WASTE: Unconventional wells),True
148054,COP TRACT 285 PAD C,ANADARKO E&P ONSHORE LLC,Clinton,12,,,May 2021 (WASTE: Unconventional wells),Nov 2021 (WASTE: Unconventional wells),True
148044,COP TRACT 231 PAD A,ANADARKO E&P ONSHORE LLC,Centre,12,,,Aug 2022 (WASTE: Unconventional wells),Sep 2022 (WASTE: Unconventional wells),True
149579,WILSON 283,SWEPI LP,Tioga,12,,,Jan-Jun 2015 (WASTE ONLY: Unconventional Wells),Jul-Dec 2015 (WASTE ONLY: Unconventional Wells),True
148449,GROFF 720,SWEPI LP,Bradford,12,,,Jan-Jun 2015 (WASTE ONLY: Unconventional Wells),Jul-Dec 2015 (WASTE ONLY: Unconventional Wells),True
148078,COP TRACT 356 PAD E,ANADARKO E&P ONSHORE LLC,Lycoming,12,,,Aug 2022 (WASTE: Unconventional wells),Mar 2022 (WASTE: Unconventional wells),True
149663,STODDARD T PAD 1,COTERRA ENERGY INC,Susquehanna,12,,,Apr 2018 (WASTE: Unconventional wells),Sep 2017 (WASTE: Unconventional wells),True
148953,NICKOLYN SUS,CHESAPEAKE APPALACHIA LLC,Susquehanna,12,,,Feb 2019 (WASTE: Unconventional wells),Mar 2019 (WASTE: Unconventional wells),True
148386,SHIELDS G PAD 2,CABOT OIL & GAS CORP,SUSQUEHANNA,12,,,Apr 2018 (WASTE: Unconventional wells),Oct 2017 (WASTE: Unconventional wells),True
149617,YOUNG R 05-080,REPSOL OIL & GAS USA LLC,Bradford,12,,,Aug 2020 (WASTE: Unconventional wells),Nov 2020 (WASTE: Unconventional wells),True
145662,KENMAR HC PAD A,ANADARKO E&P ONSHORE LLC,Lycoming,12,,,Apr 2022 (WASTE: Unconventional wells),Sep 2022 (WASTE: Unconventional wells),True
147684,"HUNSINGER, A. PAD 2",CABOT OIL & GAS CORP,SUSQUEHANNA,12,,,Aug 2017 (WASTE: Unconventional wells),Sep 2017 (WASTE: Unconventional wells),True
148392,GAYLA D LOCH PAD A,ANADARKO E&P ONSHORE LLC,Lycoming,12,,,Aug 2022 (WASTE: Unconventional wells),Sep 2022 (WASTE: Unconventional wells),True
149384,STROM BRA,CHESAPEAKE APPALACHIA LLC,Bradford,12,,,Apr 2017 (WASTE: Unconventional wells),Jul-Dec 2016 (WASTE ONLY: Unconventional Wells),True
145716,FREDERICK L 02-109,REPSOL OIL & GAS USA LLC,Tioga,12,,,Dec 2023 (WASTE: Unconventional wells),Nov 2023 (WASTE: Unconventional wells),True
148341,FISHER BRA,CHESAPEAKE APPALACHIA LLC,Bradford,12,,,Feb 2017 (WASTE: Unconventional wells),Mar 2017 (WASTE: Unconventional wells),True
148330,FEUSNER J 03-045,REPSOL OIL & GAS USA LLC,Bradford,12,,,Apr 2022 (WASTE: Unconventional wells),Nov 2020 (WASTE: Unconventional wells),True
150174,THORNE G 07-080,REPSOL OIL & GAS USA LLC,Susquehanna,12,,,Apr 2022 (WASTE: Unconventional wells),Nov 2020 (WASTE: Unconventional wells),True
146316,WOLFE 2H,EOG RESOURCES INC,Bradford,12,,,Apr 2019 (WASTE: Unconventional wells),Sep 2019 (WASTE: Unconventional wells),True
148260,DUNHAM BRA,CHESAPEAKE APPALACHIA LLC,Bradford,12,,,Apr 2017 (WASTE: Unconventional wells),Mar 2019 (WASTE: Unconventional wells),True
147715,ALLFORD BRA,CHESAPEAKE APPALACHIA LLC,Bradford,12,,,Jan - Jun 2014 (Unconventional wells),Mar 2018 (WASTE: Unconventional wells),True
146672,CASTLE 113,EAST RESOURCES INC,Bradford,11,,,Apr 2021 (WASTE: Unconventional wells),Nov 2023 (WASTE: Unconventional wells),True
146448,ZICK W PAD 1,COTERRA ENERGY INC,Susquehanna,11,,,Apr 2018 (WASTE: Unconventional wells),Sep 2017 (WASTE: Unconventional wells),True
144794,GU-13-TICE-PAD,SOUTHWESTERN ENERGY PROD CO,Bradford,11,,,Apr 2016 (Unconventional wells),Sep 2016 (Unconventional wells),True
147009,BOREK,CHESAPEAKE APPALACHIA LLC,Susquehanna,11,,,Mar 2019 (WASTE: Unconventional wells),Oct 2019 (WASTE: Unconventional wells),True
145605,COP TRACT 357 PAD B,ANADARKO E&P ONSHORE LLC,Lycoming,11,,,Aug 2022 (WASTE: Unconventional wells),Dec 2021 (WASTE: Unconventional wells),True
148053,COP TRACT 285 PAD A,ANADARKO E&P ONSHORE LLC,Clinton,11,,,Aug 2022 (WASTE: Unconventional wells),Sep 2022 (WASTE: Unconventional wells),True
148101,COP TRACT 729 PAD A,PA GEN ENERGY CO LLC,Lycoming,11,,,Jan 2022 (WASTE: Unconventional wells),Jan 2022 (WASTE: Unconventional wells),True
147693,ACRES M 05-229,REPSOL OIL & GAS USA LLC,Bradford,11,,,Aug 2020 (WASTE: Unconventional wells),Nov 2020 (WASTE: Unconventional wells),True
152774,RUTH,CHESAPEAKE APPALACHIA LLC,Wyoming,11,,,Feb 2017 (WASTE: Unconventional wells),Oct 2019 (WASTE: Unconventional wells),True
145762,SADECKI,XPR RESOURCES LLC,Susquehanna,11,,,Apr 2016 (Unconventional wells),Nov 2016 (Unconventional wells),True
152795,KLINE B PAD,EOG RESOURCES INC,Bradford,11,,,Aug 2018 (WASTE: Unconventional wells),Nov 2018 (WASTE: Unconventional wells),True
148866,MCNETT 708,SWEPI LP,Tioga,11,,,Jan-Jun 2015 (WASTE ONLY: Unconventional Wells),Jul-Dec 2015 (WASTE ONLY: Unconventional Wells),True
148791,LUNDY BRA,CHESAPEAKE APPALACHIA LLC,Bradford,10,,,Apr 2017 (WASTE: Unconventional wells),Mar 2017 (WASTE: Unconventional wells),True
149724,SHAMROCK WYO,CHESAPEAKE APPALACHIA LLC,Wyoming,10,,,Feb 2017 (WASTE: Unconventional wells),Mar 2017 (WASTE: Unconventional wells),True
148579,IH BRA,CHESAPEAKE APPALACHIA LLC,Bradford,10,,,Jan-Jun 2016 (WASTE ONLY: Unconventional Wells),May 2017 (WASTE: Unconventional wells),True
153979,COTTON HANLON,SWEPI LP,Tioga,10,,,Feb 2020 (WASTE: Unconventional wells),Jan 2020 (WASTE: Unconventional wells),True
144867,EDGER BRA,CHESAPEAKE APPALACHIA LLC,Bradford,10,,,Apr 2017 (WASTE: Unconventional wells),Mar 2017 (WASTE: Unconventional wells),True
148136,CRANE 1H,EOG RESOURCES INC,Bradford,10,,,Aug 2018 (WASTE: Unconventional wells),Nov 2018 (WASTE: Unconventional wells),True
148257,DUFFIELD BRA,CHESAPEAKE APPALACHIA LLC,Bradford,10,,,Apr 2017 (WASTE: Unconventional wells),Jul-Dec 2016 (WASTE ONLY: Unconventional Wells),True
150585,SHEA D 07-021,REPSOL OIL & GAS USA LLC,Susquehanna,10,,,Aug 2020 (WASTE: Unconventional wells),Nov 2020 (WASTE: Unconventional wells),True
148202,DCNR 587 02-015,REPSOL OIL & GAS USA LLC,Tioga,10,,,Aug 2020 (WASTE: Unconventional wells),Dec 2020 (WASTE: Unconventional wells),True
149134,VANDERMARK R PAD 1,COTERRA ENERGY INC,Susquehanna,10,,,Mar 2018 (WASTE: Unconventional wells),Sep 2017 (WASTE: Unconventional wells),True
148597,REILLY J PAD 1,COTERRA ENERGY INC,Susquehanna,10,,,Apr 2018 (WASTE: Unconventional wells),Sep 2017 (WASTE: Unconventional wells),True
145126,ROBBINS,CHESAPEAKE APPALACHIA LLC,Bradford,10,,,Apr 2017 (WASTE: Unconventional wells),Sep 2018 (WASTE: Unconventional wells),True
144770,DEWEES BRA,CHESAPEAKE APPALACHIA LLC,Bradford,10,,,Apr 2017 (WASTE: Unconventional wells),Mar 2018 (WASTE: Unconventional wells),True
144655,ENGELKE BRA,CHESAPEAKE APPALACHIA LLC,Bradford,10,,,Feb 2017 (WASTE: Unconventional wells),Mar 2017 (WASTE: Unconventional wells),True
148428,GOWAN BRA,CHESAPEAKE APPALACHIA LLC,Bradford,10,,,Jan-Jun 2016 (WASTE ONLY: Unconventional Wells),Mar 2017 (WASTE: Unconventional wells),True
148433,GRANT BRA,CHESAPEAKE APPALACHIA LLC,Bradford,10,,,Jan - Jun 2014 (Unconventional wells),Jul-Dec 2016 (WASTE ONLY: Unconventional Wells),True
148917,MOORE FARM BRA,CHESAPEAKE APPALACHIA LLC,Bradford,10,,,Apr 2017 (WASTE: Unconventional wells),Oct 2019 (WASTE: Unconventional wells),True
148617,JEFFERS FARMS PAD 1,COTERRA ENERGY INC,Susquehanna,10,,,Aug 2017 (WASTE: Unconventional wells),Sep 2017 (WASTE: Unconventional wells),True
147539,JOEGUSWA SUL,CHESAPEAKE APPALACHIA LLC,Sullivan,10,,,Feb 2019 (WASTE: Unconventional wells),Sep 2017 (WASTE: Unconventional wells),True
150661,HDK,XPR RESOURCES LLC,Susquehanna,10,,,Feb 2016 (Unconventional wells),May 2016 (Unconventional wells),True
148351,FLICKS RUN 5H,SOUTHWESTERN ENERGY PROD CO,Lycoming,10,,,Feb 2016 (Unconventional wells),Nov 2016 (Unconventional wells),True
145676,HAMILTON PAD,INFLECTION ENERGY (PA) LLC,Lycoming,10,,,Feb 2017 (WASTE: Unconventional wells),Sep 2019 (WASTE: Unconventional wells),True
146784,SALT RUN HC PAD A,ANADARKO E&P ONSHORE LLC,Lycoming,10,,,Feb 2022 (WASTE: Unconventional wells),Mar 2022 (WASTE: Unconventional wells),True
151517,CHOCONUT VALLEY FARMS (07-090),REPSOL OIL & GAS USA LLC,Susquehanna,10,,,Aug 2020 (WASTE: Unconventional wells),Nov 2020 (WASTE: Unconventional wells),True
149029,PENECALE WYO,CHESAPEAKE APPALACHIA LLC,Wyoming,10,,,Jan-Jun 2016 (WASTE ONLY: Unconventional Wells),Jul-Dec 2015 (WASTE ONLY: Unconventional Wells),True
145838,COP TRACT 322 PAD C,PA GEN ENERGY CO LLC,Lycoming,10,,,Aug 2018 (WASTE: Unconventional wells),Sep 2018 (WASTE: Unconventional wells),True
147854,BRIAN K FRYMIRE PAD A,ANADARKO E&P ONSHORE LLC,Lycoming,10,,,Aug 2022 (WASTE: Unconventional wells),Sep 2022 (WASTE: Unconventional wells),True
148797,LYCOMING H & FC PAD C,ANADARKO E&P ONSHORE LLC,Lycoming,10,,,Mar 2022 (WASTE: Unconventional wells),Oct 2023 (WASTE: Unconventional wells),True
149616,YOST BRA,CHESAPEAKE APPALACHIA LLC,Bradford,10,,,Apr 2017 (WASTE: Unconventional wells),Jul-Dec 2015 (WASTE ONLY: Unconventional Wells),True
145437,COP TRACT 322 PAD A,PA GEN ENERGY CO LLC,Lycoming,10,,,Jan-Jun 2015 (WASTE ONLY: Unconventional Wells),Sep 2018 (WASTE: Unconventional wells),True
148480,HARPER BRA,CHESAPEAKE APPALACHIA LLC,Bradford,10,,,Dec 2017 (WASTE: Unconventional wells),Jun 2017 (WASTE: Unconventional wells),True
147889,BUSTIN HOMESTEAD BRA,CHESAPEAKE APPALACHIA LLC,Bradford,10,,,Jan-Jun 2016 (WASTE ONLY: Unconventional Wells),Sep 2018 (WASTE: Unconventional wells),True
145097,ROSIEMAR SUS,CHESAPEAKE APPALACHIA LLC,Susquehanna,9,,,Jan-Jun 2015 (WASTE ONLY: Unconventional Wells),Jul-Dec 2015 (WASTE ONLY: Unconventional Wells),True
145296,MCENANEY BRA,CHESAPEAKE APPALACHIA LLC,Bradford,9,,,Feb 2019 (WASTE: Unconventional wells),May 2019 (WASTE: Unconventional wells),True
151094,SHUGHART 534,SWEPI LP,Tioga,9,,,Feb 2020 (WASTE: Unconventional wells),Jan-Jun 2016 (WASTE ONLY: Unconventional Wells),True
151020,DEREMER,CHESAPEAKE APPALACHIA LLC,Bradford,9,,,Feb 2019 (WASTE: Unconventional wells),Sep 2019 (WASTE: Unconventional wells),True
148165,DAN ELLIS BRA,CHESAPEAKE APPALACHIA LLC,Bradford,9,,,Jan - Jun 2014 (Unconventional wells),Jul-Dec 2015 (WASTE ONLY: Unconventional Wells),True
149251,SCHMELZLE 703,SWEPI LP,Tioga,9,,,Apr 2021 (WASTE: Unconventional wells),Jul-Dec 2015 (WASTE ONLY: Unconventional Wells),True
149521,WALTERS J 05-001,REPSOL OIL & GAS USA LLC,Bradford,9,,,Aug 2020 (WASTE: Unconventional wells),Jul - Dec 2013 (Unconventional wells),True
144557,JAYNE SUS,CHESAPEAKE APPALACHIA LLC,Susquehanna,9,,,Feb 2019 (WASTE: Unconventional wells),Jul-Dec 2016 (WASTE ONLY: Unconventional Wells),True
148958,NORCONK BRA,CHESAPEAKE APPALACHIA LLC,Bradford,9,,,Jan - Jun 2014 (Unconventional wells),Oct 2019 (WASTE: Unconventional wells),True
149297,SHOWALTER 822,SWEPI LP,Tioga,9,,,Jan-Jun 2016 (WASTE ONLY: Unconventional Wells),Jul-Dec 2015 (WASTE ONLY: Unconventional Wells),True
148084,COP TRACT 653 PAD C,ANADARKO E&P CO LP,CLINTON,9,,,Apr 2022 (WASTE: Unconventional wells),Oct 2021 (WASTE: Unconventional wells),True
148081,COP TRACT 356 PAD I,ANADARKO E&P ONSHORE LLC,Lycoming,9,,,Apr 2022 (WASTE: Unconventional wells),Sep 2022 (WASTE: Unconventional wells),True
145396,LW SUL,CHESAPEAKE APPALACHIA LLC,Sullivan,9,,,Apr 2017 (WASTE: Unconventional wells),Jul-Dec 2015 (WASTE ONLY: Unconventional Wells),True
148064,COP TRACT 289 PAD E,ANADARKO E&P ONSHORE LLC,Lycoming,9,,,Aug 2022 (WASTE: Unconventional wells),Nov 2021 (WASTE: Unconventional wells),True
149434,THOMAS FT 01-001,TALISMAN ENERGY USA INC,BRADFORD,9,,,Aug 2020 (WASTE: Unconventional wells),Sep 2023 (WASTE: Unconventional wells),True
149667,HOLBROOK,XPR RESOURCES LLC,Susquehanna,9,,,Feb 2016 (Unconventional wells),May 2016 (Unconventional wells),True
149668,MARKOVITCH,XPR RESOURCES LLC,Susquehanna,9,,,Apr 2016 (Unconventional wells),Nov 2016 (Unconventional wells),True
148761,LINES BRA,CHESAPEAKE APPALACHIA LLC,Bradford,9,,,Feb 2019 (WASTE: Unconventional wells),Mar 2019 (WASTE: Unconventional wells),True
153756,DEWOLF WYO PAD,CHESAPEAKE APPALACHIA LLC,Wyoming,9,,,Apr 2017 (WASTE: Unconventional wells),Jan 2018 (WASTE: Unconventional wells),True
153768,GEE 848,SWEPI LP,Tioga,9,,,Feb 2020 (WASTE: Unconventional wells),Jul-Dec 2015 (WASTE ONLY: Unconventional Wells),True
145625,HOOKER,CHESAPEAKE APPALACHIA LLC,Susquehanna,9,,,Jan-Jun 2015 (WASTE ONLY: Unconventional Wells),Jul-Dec 2016 (WASTE ONLY: Unconventional Wells),True
148562,"HUBBARD, G. PAD 1",CABOT OIL & GAS CORP,SUSQUEHANNA,9,,,Jan 2018 (WASTE: Unconventional wells),Sep 2017 (WASTE: Unconventional wells),True
148687,KINGSLEY PAD C,EOG RESOURCES INC,Bradford,9,,,Apr 2019 (WASTE: Unconventional wells),Sep 2019 (WASTE: Unconventional wells),True
148630,JOHNSON BRA,CHESAPEAKE APPALACHIA LLC,Bradford,9,,,Jun 2018 (WASTE: Unconventional wells),Sep 2018 (WASTE: Unconventional wells),True
148624,JOANCLARK SUL,CHESAPEAKE APPALACHIA LLC,Sullivan,9,,,Jan - Jun 2014 (Unconventional wells),Oct 2019 (WASTE: Unconventional wells),True
157054,MALLORY PAD A,EQT ARO LLC,Lycoming,9,,,Jul 2024 (WASTE: Unconventional wells),Jul 2024 (WASTE: Unconventional wells),True
145113,CLAUDIA BRA,CHESAPEAKE APPALACHIA LLC,Bradford,8,,,Jun 2018 (WASTE: Unconventional wells),May 2019 (WASTE: Unconventional wells),True
155066,DIAZ M PAD 1,COTERRA ENERGY INC,Susquehanna,8,,,Jan 2022 (WASTE: Unconventional wells),Jan 2022 (WASTE: Unconventional wells),True
147179,BOLLES SOUTH,SWN PROD CO LLC,Susquehanna,8,,,Dec 2023 (WASTE: Unconventional wells),Mar 2024 (WASTE: Unconventional wells),True
148753,LEMOREVIEW FARMS,CHESAPEAKE APPALACHIA LLC,Bradford,8,,,Apr 2017 (WASTE: Unconventional wells),Mar 2018 (WASTE: Unconventional wells),True
148747,LEE 2H,EOG RESOURCES INC,Bradford,8,,,Apr 2019 (WASTE: Unconventional wells),Oct 2018 (WASTE: Unconventional wells),True
148594,OAKLEY J PAD 1,COTERRA ENERGY INC,Susquehanna,8,,,Jul 2018 (WASTE: Unconventional wells),Sep 2017 (WASTE: Unconventional wells),True
148871,MEAS BRA,CHESAPEAKE APPALACHIA LLC,Bradford,8,,,Apr 2017 (WASTE: Unconventional wells),Mar 2017 (WASTE: Unconventional wells),True
146880,WALLACE 1H,EOG RESOURCES INC,Bradford,8,,,Aug 2018 (WASTE: Unconventional wells),Mar 2019 (WASTE: Unconventional wells),True
148781,LOPATOFSKY 287,SWEPI LP,Tioga,8,,,Feb 2020 (WASTE: Unconventional wells),Jul-Dec 2015 (WASTE ONLY: Unconventional Wells),True
151091,TICE 653,SWEPI LP,Tioga,8,,,Jan 2017 (WASTE: Unconventional wells),Jul-Dec 2016 (WASTE ONLY: Unconventional Wells),True
146910,STURGIS B WELL PAD,GREAT PLAINS OPER LLC DBA GREAT MTN OPER,Clinton,8,,,Apr 2021 (WASTE: Unconventional wells),May 2021 (WASTE: Unconventional wells),True
145567,POEPPERLING WYO,CHESAPEAKE APPALACHIA LLC,Wyoming,8,,,Apr 2017 (WASTE: Unconventional wells),Sep 2017 (WASTE: Unconventional wells),True
148385,SHIELDS G PAD 1,CABOT OIL & GAS CORP,SUSQUEHANNA,8,,,Apr 2018 (WASTE: Unconventional wells),Oct 2017 (WASTE: Unconventional wells),True
147683,"HUNSINGER, A. PAD 1",CABOT OIL & GAS CORP,SUSQUEHANNA,8,,,Aug 2017 (WASTE: Unconventional wells),Nov 2017 (WASTE: Unconventional wells),True
153552,FULLER 826N,SWEPI LP,Tioga,8,,,Feb 2020 (WASTE: Unconventional wells),Jan 2020 (WASTE: Unconventional wells),True
147681,ELLSWORTH A PAD 1,COTERRA ENERGY INC,Susquehanna,8,,,Dec 2017 (WASTE: Unconventional wells),Oct 2021 (WASTE: Unconventional wells),True
147680,HIBBARD A & M PAD 1,CABOT OIL & GAS CORP,SUSQUEHANNA,8,,,Aug 2017 (WASTE: Unconventional wells),Sep 2017 (WASTE: Unconventional wells),True
148438,GREEN NEWLAND 05-067,REPSOL OIL & GAS USA LLC,Bradford,8,,,Aug 2020 (WASTE: Unconventional wells),Sep 2023 (WASTE: Unconventional wells),True
148406,"GESFORD, K. PAD 1",CABOT OIL & GAS CORP,SUSQUEHANNA,8,,,Apr 2018 (WASTE: Unconventional wells),Oct 2017 (WASTE: Unconventional wells),True
148920,MORGAN K 01-073,REPSOL OIL & GAS USA LLC,Bradford,8,,,Feb 2022 (WASTE: Unconventional wells),Nov 2020 (WASTE: Unconventional wells),True
148916,MOORE,XPR RESOURCES LLC,Susquehanna,8,,,Apr 2024 (WASTE: Unconventional wells),May 2016 (Unconventional wells),True
151350,YORK R (07-088),REPSOL OIL & GAS USA LLC,Susquehanna,8,,,Aug 2020 (WASTE: Unconventional wells),Sep 2023 (WASTE: Unconventional wells),True
145550,SENSINGER BRA,CHESAPEAKE APPALACHIA LLC,Bradford,8,,,Jan 2018 (WASTE: Unconventional wells),Jul-Dec 2015 (WASTE ONLY: Unconventional Wells),True
152700,KINGSLEY E,EOG RESOURCES INC,Bradford,8,,,Aug 2018 (WASTE: Unconventional wells),Sep 2019 (WASTE: Unconventional wells),True
145731,AMCOR WYO,CHESAPEAKE APPALACHIA LLC,Wyoming,8,,,Jan-Jun 2016 (WASTE ONLY: Unconventional Wells),Oct 2019 (WASTE: Unconventional wells),True
149590,WOLF BRA,CHESAPEAKE APPALACHIA LLC,Bradford,8,,,Apr 2017 (WASTE: Unconventional wells),Sep 2018 (WASTE: Unconventional wells),True
149279,SHARER BRA,CHESAPEAKE APPALACHIA LLC,Bradford,8,,,Dec 2017 (WASTE: Unconventional wells),Mar 2017 (WASTE: Unconventional wells),True
147881,BURLEIGH BRA,CHESAPEAKE APPALACHIA LLC,Bradford,8,,,Jan-Jun 2016 (WASTE ONLY: Unconventional Wells),Mar 2017 (WASTE: Unconventional wells),True
148106,COP TRACT 731 PAD D,ANADARKO E&P ONSHORE LLC,Lycoming,8,,,Feb 2022 (WASTE: Unconventional wells),Nov 2021 (WASTE: Unconventional wells),True
146226,TERRY D LITZELMAN PAD A,ANADARKO E&P ONSHORE LLC,Lycoming,8,,,Aug 2022 (WASTE: Unconventional wells),Mar 2022 (WASTE: Unconventional wells),True
145220,GARDNER BRA,CHESAPEAKE APPALACHIA LLC,Bradford,8,,,Jan - Jun 2014 (Unconventional wells),Jan-Jun 2016 (WASTE ONLY: Unconventional Wells),True
148628,JOHN GOOD,SOUTHWESTERN ENERGY PROD CO,Lycoming,8,,,Feb 2016 (Unconventional wells),Nov 2016 (Unconventional wells),True
157433,WARRINER R PAD 2,COTERRA ENERGY INC,Susquehanna,8,,,Aug 2017 (WASTE: Unconventional wells),Sep 2017 (WASTE: Unconventional wells),True
154283,HAYNES W PAD 1,COTERRA ENERGY INC,Susquehanna,8,,,Jul 2018 (WASTE: Unconventional wells),Jul 2018 (WASTE: Unconventional wells),True
149478,TWL ASSOCIATES 01-016,REPSOL OIL & GAS USA LLC,Bradford,8,,,Feb 2022 (WASTE: Unconventional wells),Nov 2020 (WASTE: Unconventional wells),True
149365,STEPHANI K 03-111,REPSOL OIL & GAS USA LLC,Bradford,8,,,Aug 2020 (WASTE: Unconventional wells),Jan 2020 (WASTE: Unconventional wells),True
149491,VANBLARCOM J 03-054,REPSOL OIL & GAS USA LLC,Bradford,8,,,Dec 2020 (WASTE: Unconventional wells),Jan 2020 (WASTE: Unconventional wells),True
148133,CRAIGE SUS,CHESAPEAKE APPALACHIA LLC,Susquehanna,8,,,Apr 2017 (WASTE: Unconventional wells),Jul-Dec 2016 (WASTE ONLY: Unconventional Wells),True
148076,COP TRACT 356 PAD A,ANADARKO E&P ONSHORE LLC,Lycoming,8,,,Aug 2022 (WASTE: Unconventional wells),Feb 2023 (WASTE: Unconventional wells),True
149472,TREAT BRA,CHESAPEAKE APPALACHIA LLC,Bradford,8,,,Jan-Jun 2016 (WASTE ONLY: Unconventional Wells),Jul-Dec 2016 (WASTE ONLY: Unconventional Wells),True
149356,STALTER D PAD 1,COTERRA ENERGY INC,Susquehanna,8,,,Apr 2018 (WASTE: Unconventional wells),Oct 2017 (WASTE: Unconventional wells),True
149217,ROSALIE WYO,CHESAPEAKE APPALACHIA LLC,Wyoming,8,,,Apr 2017 (WASTE: Unconventional wells),Mar 2017 (WASTE: Unconventional wells),True
149713,WELLES 4 BRA,CHESAPEAKE APPALACHIA LLC,Bradford,8,,,Apr 2017 (WASTE: Unconventional wells),Sep 2018 (WASTE: Unconventional wells),True
147778,BARRETT L 03-009,REPSOL OIL & GAS USA LLC,Bradford,8,,,Aug 2020 (WASTE: Unconventional wells),Dec 2020 (WASTE: Unconventional wells),True
149209,ROGER SUS,CHESAPEAKE APPALACHIA LLC,Susquehanna,8,,,Apr 2017 (WASTE: Unconventional wells),Jan-Jun 2016 (WASTE ONLY: Unconventional Wells),True
147839,BONNIE/DOSS BRA,CHESAPEAKE APPALACHIA LLC,Bradford,8,,,Apr 2017 (WASTE: Unconventional wells),May 2017 (WASTE: Unconventional wells),True
147861,BROOKS W PAD 1,CABOT OIL & GAS CORP,SUSQUEHANNA,8,,,Apr 2018 (WASTE: Unconventional wells),Sep 2017 (WASTE: Unconventional wells),True
149572,WILBER W 03-065,REPSOL OIL & GAS USA LLC,Bradford,8,,,Dec 2019 (WASTE: Unconventional wells),Feb 2020 (WASTE: Unconventional wells),True
148728,LANDMESSER BRA,CHESAPEAKE APPALACHIA LLC,Bradford,7,,,Jan - Jun 2014 (Unconventional wells),Sep 2017 (WASTE: Unconventional wells),True
147694,ACTON BRA,CHESAPEAKE APPALACHIA LLC,Bradford,7,,,Feb 2017 (WASTE: Unconventional wells),Oct 2019 (WASTE: Unconventional wells),True
148834,KJELGAARD 802,ULTRA RESOURCES INC,Tioga,7,,,Jan-Jun 2016 (WASTE ONLY: Unconventional Wells),Mar 2022 (WASTE: Unconventional wells),True
146999,MACDOWALL R PAD 1,COTERRA ENERGY INC,Susquehanna,7,,,Aug 2017 (WASTE: Unconventional wells),Sep 2017 (WASTE: Unconventional wells),True
148813,MADDEN BRA,CHESAPEAKE APPALACHIA LLC,Bradford,7,,,Apr 2017 (WASTE: Unconventional wells),Mar 2017 (WASTE: Unconventional wells),True
149709,HENRY BRA,CHESAPEAKE APPALACHIA LLC,Bradford,7,,,Apr 2017 (WASTE: Unconventional wells),Mar 2017 (WASTE: Unconventional wells),True
148238,"DOBROSIELSKI, S. PAD 1",COTERRA ENERGY INC,Susquehanna,7,,,Aug 2018 (WASTE: Unconventional wells),Sep 2017 (WASTE: Unconventional wells),True
149665,CARTY WISEMAN,XPR RESOURCES LLC,Susquehanna,7,,,Jan - Jun 2014 (Unconventional wells),May 2016 (Unconventional wells),True
148274,EDF WYO,CHESAPEAKE APPALACHIA LLC,Wyoming,7,,,Jul-Dec 2015 (WASTE ONLY: Unconventional Wells),Oct 2019 (WASTE: Unconventional wells),True
149222,ROWE BRA,CHESAPEAKE APPALACHIA LLC,Bradford,7,,,Apr 2017 (WASTE: Unconventional wells),Mar 2017 (WASTE: Unconventional wells),True
148639,JONES BRA,CHESAPEAKE APPALACHIA LLC,Bradford,7,,,Apr 2017 (WASTE: Unconventional wells),Jul-Dec 2015 (WASTE ONLY: Unconventional Wells),True
148590,GRIMSLEY J PAD 1,CABOT OIL & GAS CORP,SUSQUEHANNA,7,,,Aug 2017 (WASTE: Unconventional wells),Oct 2017 (WASTE: Unconventional wells),True
149119,PUTNAM L 01-076,REPSOL OIL & GAS USA LLC,Bradford,7,,,Feb 2022 (WASTE: Unconventional wells),Feb 2022 (WASTE: Unconventional wells),True
148080,COP TRACT 356 PAD H,ANADARKO E&P ONSHORE LLC,Lycoming,7,,,Aug 2022 (WASTE: Unconventional wells),Sep 2022 (WASTE: Unconventional wells),True
148505,HEDRICK 702,SWEPI LP,Tioga,7,,,Jan-Jun 2015 (WASTE ONLY: Unconventional Wells),Jul-Dec 2015 (WASTE ONLY: Unconventional Wells),True
148490,HARVEY M 05-073,REPSOL OIL & GAS USA LLC,Bradford,7,,,Aug 2020 (WASTE: Unconventional wells),Nov 2020 (WASTE: Unconventional wells),True
148455,GUILLAUME M 714,SWEPI LP,Tioga,7,,,Apr 2022 (WASTE: Unconventional wells),Jun 2021 (WASTE: Unconventional wells),True
147732,ANTISDEL M 05-036,REPSOL OIL & GAS USA LLC,Bradford,7,,,Apr 2022 (WASTE: Unconventional wells),Nov 2020 (WASTE: Unconventional wells),True
147727,ANGIE SUS,CHESAPEAKE APPALACHIA LLC,Susquehanna,7,,,May 2019 (WASTE: Unconventional wells),Sep 2017 (WASTE: Unconventional wells),True
148394,GEE 832,SWEPI LP,Tioga,7,,,Feb 2020 (WASTE: Unconventional wells),Jul-Dec 2016 (WASTE ONLY: Unconventional Wells),True
150471,BUTLER J 07-086,REPSOL OIL & GAS USA LLC,Susquehanna,7,,,Apr 2022 (WASTE: Unconventional wells),Sep 2023 (WASTE: Unconventional wells),True
148067,COP TRACT 293 PAD F,PA GEN ENERGY CO LLC,Lycoming,7,,,Sep 2018 (WASTE: Unconventional wells),Sep 2018 (WASTE: Unconventional wells),True
148737,LARUE SUS 1A,TURM OIL INC,SUSQUEHANNA,6,,,Feb 2017 (WASTE: Unconventional wells),Jul-Dec 2015 (WASTE ONLY: Unconventional Wells),True
149440,THORP D 03-049,REPSOL OIL & GAS USA LLC,Bradford,6,,,Aug 2020 (WASTE: Unconventional wells),Sep 2020 (WASTE: Unconventional wells),True
149482,METHERELL PAD,INFLECTION ENERGY (PA) LLC,Lycoming,6,,,Oct 2019 (WASTE: Unconventional wells),Oct 2019 (WASTE: Unconventional wells),True
148661,KEN-TON 902,ULTRA RESOURCES INC,Potter,6,,,Jul-Dec 2015 (WASTE ONLY: Unconventional Wells),Jul-Dec 2015 (WASTE ONLY: Unconventional Wells),True
148593,"LYMAN, J. PAD 1",COTERRA ENERGY INC,Susquehanna,6,,,Dec 2021 (WASTE: Unconventional wells),Sep 2017 (WASTE: Unconventional wells),True
148094,COP TRACT 728 PAD A,ANADARKO E&P ONSHORE LLC,Lycoming,6,,,Oct 2021 (WASTE: Unconventional wells),Oct 2021 (WASTE: Unconventional wells),True
148644,JUDD BRA,CHESAPEAKE APPALACHIA LLC,Bradford,6,,,Feb 2017 (WASTE: Unconventional wells),Jul-Dec 2016 (WASTE ONLY: Unconventional Wells),True
148118,COURTNEY 129,EAST RESOURCES INC,Tioga,6,,,Jan-Jun 2015 (WASTE ONLY: Unconventional Wells),Jul-Dec 2015 (WASTE ONLY: Unconventional Wells),True
148193,DCNR 587 02-005,REPSOL OIL & GAS USA LLC,Tioga,6,,,Aug 2020 (WASTE: Unconventional wells),Aug 2020 (WASTE: Unconventional wells),True
149196,RITZ G 03-073,REPSOL OIL & GAS USA LLC,Bradford,6,,,Dec 2020 (WASTE: Unconventional wells),Dec 2020 (WASTE: Unconventional wells),True
149189,RICH BRA,CHESAPEAKE APPALACHIA LLC,Bradford,6,,,Jul-Dec 2015 (WASTE ONLY: Unconventional Wells),Mar 2017 (WASTE: Unconventional wells),True
147878,BURKE BRA,CHESAPEAKE APPALACHIA LLC,Bradford,6,,,Apr 2019 (WASTE: Unconventional wells),Jan - Jun 2014 (Unconventional wells),True
149288,SHEDDEN D 01-013/043,REPSOL OIL & GAS USA LLC,Bradford,6,,,Aug 2020 (WASTE: Unconventional wells),Aug 2020 (WASTE: Unconventional wells),True
148196,DCNR 587 02-009,REPSOL OIL & GAS USA LLC,Tioga,6,,,Nov 2020 (WASTE: Unconventional wells),Nov 2020 (WASTE: Unconventional wells),True
149546,WAY BRA,CHESAPEAKE APPALACHIA LLC,Bradford,6,,,Apr 2017 (WASTE: Unconventional wells),Jan-Jun 2016 (WASTE ONLY: Unconventional Wells),True
148925,MOWRY BRA,CHESAPEAKE APPALACHIA LLC,Bradford,6,,,Feb 2019 (WASTE: Unconventional wells),Mar 2017 (WASTE: Unconventional wells),True
150198,RAMBLINROSE BRA,CHESAPEAKE APPALACHIA LLC,Bradford,6,,,Feb 2019 (WASTE: Unconventional wells),May 2019 (WASTE: Unconventional wells),True
148344,FISK HOLLOW 2456,PA GEN ENERGY CO LLC,Potter,6,,,Jan 2022 (WASTE: Unconventional wells),Jan 2022 (WASTE: Unconventional wells),True
148922,MORSE BRA,CHESAPEAKE APPALACHIA LLC,Bradford,6,,,Jun 2019 (WASTE: Unconventional wells),Sep 2019 (WASTE: Unconventional wells),True
153703,HARER 713,SWEPI LP,Tioga,6,,,Apr 2021 (WASTE: Unconventional wells),Jun 2021 (WASTE: Unconventional wells),True
148364,FOUST J 01-003,TALISMAN ENERGY USA INC,BRADFORD,6,,,Dec 2020 (WASTE: Unconventional wells),Nov 2020 (WASTE: Unconventional wells),True
145739,EICHENLAUB PAD,INFLECTION ENERGY (PA) LLC,Lycoming,6,,,Jun 2021 (WASTE: Unconventional wells),Sep 2019 (WASTE: Unconventional wells),True
150097,HILLEGAS PAD,INFLECTION ENERGY (PA) LLC,Lycoming,6,,,Jun 2021 (WASTE: Unconventional wells),Sep 2019 (WASTE: Unconventional wells),True
145472,AIKENS BRA,CHESAPEAKE APPALACHIA LLC,Bradford,6,,,Jan-Jun 2016 (WASTE ONLY: Unconventional Wells),Mar 2019 (WASTE: Unconventional wells),True
148337,FIONDI,XPR RESOURCES LLC,Susquehanna,6,,,Apr 2016 (Unconventional wells),Jun 2016 (Unconventional wells),True
147686,LATHROP A PAD 1,SOUTHWESTERN ENERGY PROD CO,SUSQUEHANNA,6,,,Mar 2018 (WASTE: Unconventional wells),Nov 2017 (WASTE: Unconventional wells),True
145398,TAGUE WEST WELL PAD,CHIEF OIL & GAS LLC,Wyoming,6,,,Jul - Dec 2014 (Unconventional wells),Jul - Dec 2014 (Unconventional wells),True
148989,OTIS BRA,CHESAPEAKE APPALACHIA LLC,Bradford,6,,,Apr 2017 (WASTE: Unconventional wells),Jul-Dec 2016 (WASTE ONLY: Unconventional Wells),True
148276,EDSELL C 05-003,REPSOL OIL & GAS USA LLC,Bradford,6,,,Jul - Dec 2013 (Unconventional wells),Nov 2020 (WASTE: Unconventional wells),True
148393,GAYLA LOCH 1H,SOUTHWESTERN ENERGY PROD CO,Lycoming,6,,,Feb 2016 (Unconventional wells),Nov 2016 (Unconventional wells),True
150342,WELL PAD 8,SOUTHWESTERN ENERGY PROD CO,Susquehanna,6,,,Jan - Jun 2014 (Unconventional wells),Jul - Dec 2014 (Unconventional wells),True
148900,MITCHELL 903,ULTRA RESOURCES INC,Potter,6,,,Jan 2017 (WASTE: Unconventional wells),Jul-Dec 2015 (WASTE ONLY: Unconventional Wells),True
148482,HARRIS M 01-004,TALISMAN ENERGY USA INC,BRADFORD,6,,,Apr 2022 (WASTE: Unconventional wells),Nov 2020 (WASTE: Unconventional wells),True
148473,HANNAN BRA,CHESAPEAKE APPALACHIA LLC,Bradford,6,,,Jul-Dec 2016 (WASTE ONLY: Unconventional Wells),Oct 2019 (WASTE: Unconventional wells),True
148477,HARNISH E 01-032,REPSOL OIL & GAS USA LLC,Bradford,6,,,Aug 2020 (WASTE: Unconventional wells),Dec 2020 (WASTE: Unconventional wells),True
148508,HEITSMAN A PAD 2,CABOT OIL & GAS CORP,SUSQUEHANNA,6,,,Dec 2017 (WASTE: Unconventional wells),Jun 2018 (WASTE: Unconventional wells),True
148457,GUINDON 706,SWEPI LP,Tioga,6,,,Jul - Dec 2014 (Unconventional wells),Jul-Dec 2015 (WASTE ONLY: Unconventional Wells),True
148716,KRISULEVICZ V PAD 1,COTERRA ENERGY INC,Susquehanna,6,,,Apr 2018 (WASTE: Unconventional wells),Nov 2017 (WASTE: Unconventional wells),True
148805,LYTWYN BRA,CHESAPEAKE APPALACHIA LLC,Bradford,6,,,Apr 2017 (WASTE: Unconventional wells),Mar 2017 (WASTE: Unconventional wells),True
146984,LINGLE 1102,SWEPI LP,Tioga,6,,,Feb 2020 (WASTE: Unconventional wells),Jan 2020 (WASTE: Unconventional wells),True
147104,STAHL 1H,EOG RESOURCES INC,Bradford,6,,,Apr 2019 (WASTE: Unconventional wells),Sep 2019 (WASTE: Unconventional wells),True
148794,LUTZ T 01-015,REPSOL OIL & GAS USA LLC,Bradford,6,,,Dec 2020 (WASTE: Unconventional wells),Mar 2020 (WASTE: Unconventional wells),True
151033,LU-06-FLICKS RUN EAST-PAD,SOUTHWESTERN ENERGY PROD CO,Lycoming,6,,,Apr 2017 (WASTE: Unconventional wells),Nov 2016 (Unconventional wells),True
148690,KINNAN 845,SWEPI LP,Tioga,6,,,Feb 2020 (WASTE: Unconventional wells),Jan 2020 (WASTE: Unconventional wells),True
148758,LICK RUN,ULTRA RESOURCES INC,Tioga,6,,,Mar 2022 (WASTE: Unconventional wells),Mar 2022 (WASTE: Unconventional wells),True
145132,TAGUE EAST WELL PAD,CHIEF OIL & GAS LLC,Wyoming,6,,,Jan - Jun 2014 (Unconventional wells),Jul - Dec 2013 (Unconventional wells),True
144873,BARNES BRA,CHESAPEAKE APPALACHIA LLC,Bradford,6,,,Feb 2019 (WASTE: Unconventional wells),Sep 2019 (WASTE: Unconventional wells),True
144560,SMURKOSKI WYO,CHESAPEAKE APPALACHIA LLC,Wyoming,6,,,Jul 2021 (WASTE: Unconventional wells),Jul 2021 (WASTE: Unconventional wells),True
145182,YENCHA BRA,CHESAPEAKE APPALACHIA LLC,Bradford,6,,,Jan-Jun 2016 (WASTE ONLY: Unconventional Wells),Mar 2017 (WASTE: Unconventional wells),True
145284,BUCKS HILL BRA,CHESAPEAKE APPALACHIA LLC,Bradford,6,,,Aug 2020 (WASTE: Unconventional wells),Nov 2020 (WASTE: Unconventional wells),True
147965,CLARKE BRA,CHESAPEAKE APPALACHIA LLC,Bradford,6,,,Jul 2021 (WASTE: Unconventional wells),Jul 2021 (WASTE: Unconventional wells),True
147972,COATES BRA,CHESAPEAKE APPALACHIA LLC,Bradford,6,,,Jan-Jun 2016 (WASTE ONLY: Unconventional Wells),Jul-Dec 2016 (WASTE ONLY: Unconventional Wells),True
148052,COP TRACT 285 PAD B,ANADARKO E&P CO LP,CLINTON,6,,,Feb 2022 (WASTE: Unconventional wells),Feb 2022 (WASTE: Unconventional wells),True
148658,KEELER HOLLOW BRA,CHESAPEAKE APPALACHIA LLC,Bradford,6,,,Apr 2017 (WASTE: Unconventional wells),Mar 2017 (WASTE: Unconventional wells),True
148649,KALINOWSKI,CHESAPEAKE APPALACHIA LLC,Bradford,6,,,Jan 2017 (WASTE: Unconventional wells),Jul-Dec 2016 (WASTE ONLY: Unconventional Wells),True
149481,UHOUSE D 05-081,REPSOL OIL & GAS USA LLC,Bradford,6,,,Aug 2020 (WASTE: Unconventional wells),Nov 2020 (WASTE: Unconventional wells),True
147984,COMSTOCK BRA,CHESAPEAKE APPALACHIA LLC,Bradford,6,,,Feb 2017 (WASTE: Unconventional wells),Sep 2018 (WASTE: Unconventional wells),True
146656,BURLEIGH 508,EAST RESOURCES INC,Tioga,6,,,Jan 2017 (WASTE: Unconventional wells),Jul-Dec 2016 (WASTE ONLY: Unconventional Wells),True
148059,COP TRACT 285 PAD H,ANADARKO E&P ONSHORE LLC,Clinton,6,,,Dec 2021 (WASTE: Unconventional wells),Feb 2022 (WASTE: Unconventional wells),True
148083,COP TRACT 653 PAD B,ANADARKO E&P ONSHORE LLC,Clinton,6,,,Apr 2022 (WASTE: Unconventional wells),Dec 2021 (WASTE: Unconventional wells),True
148060,COP TRACT 289 PAD A,ANADARKO E&P ONSHORE LLC,Lycoming,6,,,Aug 2022 (WASTE: Unconventional wells),Jul 2022 (WASTE: Unconventional wells),True
147865,BROWN HOMESTEAD BRA,CHESAPEAKE APPALACHIA LLC,Bradford,6,,,Jan-Jun 2016 (WASTE ONLY: Unconventional Wells),Jul-Dec 2016 (WASTE ONLY: Unconventional Wells),True
146552,HOLCOMBE 1H,EOG RESOURCES INC,Bradford,6,,,Feb 2020 (WASTE: Unconventional wells),Sep 2019 (WASTE: Unconventional wells),True
148119,COURTNEY H 255,EAST RESOURCES INC,TIOGA,6,,,Feb 2020 (WASTE: Unconventional wells),Jul - Dec 2014 (Unconventional wells),True
149627,ZIEGLER E 03-001,REPSOL OIL & GAS USA LLC,Bradford,6,,,Dec 2020 (WASTE: Unconventional wells),Mar 2020 (WASTE: Unconventional wells),True
148191,DCNR 587 02-003,REPSOL OIL & GAS USA LLC,Tioga,6,,,Apr 2022 (WASTE: Unconventional wells),Apr 2022 (WASTE: Unconventional wells),True
149203,ROBINSON BRA,CHESAPEAKE APPALACHIA LLC,Bradford,6,,,Jan-Jun 2016 (WASTE ONLY: Unconventional Wells),Jul-Dec 2016 (WASTE ONLY: Unconventional Wells),True
149047,WM Phoenix Site C,EQT PROD CO,Tioga,6,,,Jul - Dec 2013 (Unconventional wells),Jul - Dec 2013 (Unconventional wells),True
149600,WRAY M 03-058,REPSOL OIL & GAS USA LLC,Bradford,6,,,Aug 2020 (WASTE: Unconventional wells),Nov 2020 (WASTE: Unconventional wells),True
148156,GROSVENOR D PAD 1,COTERRA ENERGY INC,Susquehanna,6,,,Aug 2017 (WASTE: Unconventional wells),Oct 2017 (WASTE: Unconventional wells),True
147969,CLEARVIEW HUNTING CLUB PAD A,ANADARKO E&P ONSHORE LLC,Lycoming,6,,,May 2021 (WASTE: Unconventional wells),Sep 2022 (WASTE: Unconventional wells),True
149155,READINGER BRA,CHESAPEAKE APPALACHIA LLC,Bradford,6,,,Jan 2017 (WASTE: Unconventional wells),Mar 2017 (WASTE: Unconventional wells),True
149727,LUCY BRA,CHESAPEAKE APPALACHIA LLC,Bradford,6,,,Aug 2018 (WASTE: Unconventional wells),Sep 2018 (WASTE: Unconventional wells),True
148220,"DEPAOLA, M. PAD 1",COTERRA ENERGY INC,Susquehanna,6,,,Aug 2017 (WASTE: Unconventional wells),Nov 2017 (WASTE: Unconventional wells),True
148234,DJ BRA,CHESAPEAKE APPALACHIA LLC,Bradford,6,,,Jan - Jun 2014 (Unconventional wells),Jul-Dec 2016 (WASTE ONLY: Unconventional Wells),True
149198,ROBERT C ULMER PAD A,ANADARKO E&P ONSHORE LLC,Lycoming,6,,,Dec 2023 (WASTE: Unconventional wells),Mar 2022 (WASTE: Unconventional wells),True
149136,WARRINER R PAD 4,COTERRA ENERGY INC,Susquehanna,6,,,Aug 2017 (WASTE: Unconventional wells),Oct 2017 (WASTE: Unconventional wells),True
149707,BREWER,CHESAPEAKE APPALACHIA LLC,Wyoming,6,,,Jul-Dec 2016 (WASTE ONLY: Unconventional Wells),Jun 2018 (WASTE: Unconventional wells),True
149490,VANBLARCOM R 03-004,REPSOL OIL & GAS USA LLC,Bradford,5,,,Feb 2022 (WASTE: Unconventional wells),Feb 2022 (WASTE: Unconventional wells),True
149623,YVONNE SUS,CHESAPEAKE APPALACHIA LLC,Susquehanna,5,,,Oct 2019 (WASTE: Unconventional wells),Oct 2019 (WASTE: Unconventional wells),True
147828,BO BRA,CHESAPEAKE APPALACHIA LLC,Bradford,5,,,Apr 2017 (WASTE: Unconventional wells),Jul-Dec 2016 (WASTE ONLY: Unconventional Wells),True
152055,HUNTER,CHESAPEAKE APPALACHIA LLC,Wyoming,5,,,Oct 2019 (WASTE: Unconventional wells),Oct 2019 (WASTE: Unconventional wells),True
148488,HARTZ BRA,CHESAPEAKE APPALACHIA LLC,Bradford,5,,,Dec 2017 (WASTE: Unconventional wells),May 2017 (WASTE: Unconventional wells),True
150255,OLYMPIC LAKE ESTATES 07-083,REPSOL OIL & GAS USA LLC,Susquehanna,5,,,Apr 2022 (WASTE: Unconventional wells),Nov 2020 (WASTE: Unconventional wells),True
150626,KEMPA & FREITAG (RANGE UNIT 45),SOUTHWESTERN ENERGY PROD CO,Susquehanna,5,,,Jul-Dec 2015 (WASTE ONLY: Unconventional Wells),Jul-Dec 2015 (WASTE ONLY: Unconventional Wells),True
145588,FOX WYO,CHESAPEAKE APPALACHIA LLC,Wyoming,5,,,Aug 2018 (WASTE: Unconventional wells),Sep 2018 (WASTE: Unconventional wells),True
150803,STICKNEY A 07-087,REPSOL OIL & GAS USA LLC,Susquehanna,5,,,Apr 2022 (WASTE: Unconventional wells),Nov 2020 (WASTE: Unconventional wells),True
151103,LU-09-GOOD WEST-PAD,SOUTHWESTERN ENERGY PROD CO,Lycoming,5,,,Feb 2016 (Unconventional wells),Nov 2016 (Unconventional wells),True
148954,NINA BRA,CHESAPEAKE APPALACHIA LLC,Bradford,5,,,Apr 2017 (WASTE: Unconventional wells),Mar 2017 (WASTE: Unconventional wells),True
148343,FISK HOLLOW 2378,PA GEN ENERGY CO LLC,POTTER,5,,,Jan 2022 (WASTE: Unconventional wells),Jan 2022 (WASTE: Unconventional wells),True
146854,KUHLMAN M 05-258,REPSOL OIL & GAS USA LLC,Bradford,5,,,Apr 2022 (WASTE: Unconventional wells),Nov 2020 (WASTE: Unconventional wells),True
148723,LAMBERT FARMS SUL,CHESAPEAKE APPALACHIA LLC,Sullivan,5,,,Jan - Jun 2014 (Unconventional wells),Sep 2018 (WASTE: Unconventional wells),True
144952,FRED BRA,CHESAPEAKE APPALACHIA LLC,Bradford,5,,,Apr 2017 (WASTE: Unconventional wells),Jun 2018 (WASTE: Unconventional wells),True
148703,KNIGHTS L 01-044,REPSOL OIL & GAS USA LLC,Bradford,5,,,Oct 2020 (WASTE: Unconventional wells),Oct 2020 (WASTE: Unconventional wells),True
149492,VANDEMARK WYO,CHESAPEAKE APPALACHIA LLC,Wyoming,5,,,Jan-Jun 2016 (WASTE ONLY: Unconventional Wells),May 2019 (WASTE: Unconventional wells),True
149448,TOWNER BRA,CHESAPEAKE APPALACHIA LLC,Bradford,5,,,Jan-Jun 2016 (WASTE ONLY: Unconventional Wells),Sep 2018 (WASTE: Unconventional wells),True
149477,TURNER,XPR RESOURCES LLC,Susquehanna,5,,,Feb 2016 (Unconventional wells),Jun 2016 (Unconventional wells),True
148061,COP TRACT 289 PAD B,ANADARKO E&P ONSHORE LLC,Lycoming,5,,,Sep 2022 (WASTE: Unconventional wells),Sep 2022 (WASTE: Unconventional wells),True
146210,"STOCKHOLM, K. PAD 1",COTERRA ENERGY INC,Susquehanna,5,,,Aug 2017 (WASTE: Unconventional wells),Oct 2017 (WASTE: Unconventional wells),True
145829,IVEY,XPR RESOURCES LLC,Susquehanna,5,,,Apr 2016 (Unconventional wells),Jun 2016 (Unconventional wells),True
149133,SMITH R PAD 3,CABOT OIL & GAS CORP,SUSQUEHANNA,5,,,Jan 2018 (WASTE: Unconventional wells),Sep 2017 (WASTE: Unconventional wells),True
148648,ZUPP K PAD 1,COTERRA ENERGY INC,Susquehanna,5,,,Dec 2017 (WASTE: Unconventional wells),Sep 2017 (WASTE: Unconventional wells),True
145180,RU-23-MICHTELL-PAD,SOUTHWESTERN ENERGY PROD CO,Susquehanna,5,,,Jul 2016 (Unconventional wells),Jul 2016 (Unconventional wells),True
146438,STARKS 461,EAST RESOURCES INC,Tioga,5,,,Feb 2020 (WASTE: Unconventional wells),Jul-Dec 2015 (WASTE ONLY: Unconventional Wells),True
155770,DIAZ M PAD 2,COTERRA ENERGY INC,Susquehanna,5,,,Sep 2020 (WASTE: Unconventional wells),Sep 2020 (WASTE: Unconventional wells),True
148065,COP TRACT 290 PAD A,ANADARKO E&P ONSHORE LLC,Lycoming,5,,,Sep 2022 (WASTE: Unconventional wells),Sep 2022 (WASTE: Unconventional wells),True
148487,HARTNETT R 05-097,REPSOL OIL & GAS USA LLC,Bradford,4,,,Aug 2020 (WASTE: Unconventional wells),Nov 2020 (WASTE: Unconventional wells),True
148603,JACKSON 1H,EOG RESOURCES INC,Bradford,4,,,Aug 2018 (WASTE: Unconventional wells),Mar 2020 (WASTE: Unconventional wells),True
148552,"HOOVER, D. PAD 1",CABOT OIL & GAS CORP,SUSQUEHANNA,4,,,Oct 2017 (WASTE: Unconventional wells),Sep 2017 (WASTE: Unconventional wells),True
147525,RUTKOWSKI B PAD 1,COTERRA ENERGY INC,Susquehanna,4,,,Dec 2017 (WASTE: Unconventional wells),Sep 2017 (WASTE: Unconventional wells),True
148909,MONARCH,EQT PROD CO,Jefferson,4,,,Jul - Dec 2013 (Unconventional wells),Jul - Dec 2013 (Unconventional wells),True
147862,BROOKS W PAD 2,CABOT OIL & GAS CORP,SUSQUEHANNA,4,,,Nov 2017 (WASTE: Unconventional wells),Sep 2017 (WASTE: Unconventional wells),True
147718,ALTON BRA,CHESAPEAKE APPALACHIA LLC,Bradford,4,,,Apr 2017 (WASTE: Unconventional wells),Apr 2017 (WASTE: Unconventional wells),True
147796,BEEMAN BRA,CHESAPEAKE APPALACHIA LLC,Bradford,4,,,Jan-Jun 2016 (WASTE ONLY: Unconventional Wells),Sep 2018 (WASTE: Unconventional wells),True
151373,COREY J 07-089,REPSOL OIL & GAS USA LLC,Susquehanna,4,,,Aug 2020 (WASTE: Unconventional wells),Nov 2020 (WASTE: Unconventional wells),True
148280,EILEEN BRA,CHESAPEAKE APPALACHIA LLC,Bradford,4,,,Jan 2017 (WASTE: Unconventional wells),Jul-Dec 2016 (WASTE ONLY: Unconventional Wells),True
145967,BARRETT 410,REPSOL OIL & GAS USA LLC,Tioga,4,,,Aug 2020 (WASTE: Unconventional wells),Nov 2020 (WASTE: Unconventional wells),True
145989,BEARDSLEE 2H,EOG RESOURCES INC,Bradford,4,,,Aug 2018 (WASTE: Unconventional wells),Sep 2019 (WASTE: Unconventional wells),True
145704,GARRISON UNIT PAD,CHIEF OIL & GAS LLC,Wyoming,4,,,Jan - Jun 2014 (Unconventional wells),Jul - Dec 2014 (Unconventional wells),True
148306,EVERBREEZE BRA,CHESAPEAKE APPALACHIA LLC,Bradford,4,,,Jul-Dec 2015 (WASTE ONLY: Unconventional Wells),Jul-Dec 2016 (WASTE ONLY: Unconventional Wells),True
147707,ALDERSON V 05-009,REPSOL OIL & GAS USA LLC,Bradford,4,,,Jan - Jun 2014 (Unconventional wells),Nov 2020 (WASTE: Unconventional wells),True
150139,SHARRETTS 805,SWEPI LP,Tioga,4,,,Jul - Dec 2014 (Unconventional wells),Jul-Dec 2015 (WASTE ONLY: Unconventional Wells),True
146866,BUTTON 402,REPSOL OIL & GAS USA LLC,Tioga,4,,,Aug 2020 (WASTE: Unconventional wells),Nov 2020 (WASTE: Unconventional wells),True
147692,ACLA BRA WEST,CHESAPEAKE APPALACHIA LLC,Bradford,4,,,Jan 2017 (WASTE: Unconventional wells),Jul-Dec 2016 (WASTE ONLY: Unconventional Wells),True
147756,BAKER R PAD 1,CABOT OIL & GAS CORP,SUSQUEHANNA,4,,,Apr 2018 (WASTE: Unconventional wells),Oct 2017 (WASTE: Unconventional wells),True
150596,POWERS,XPR RESOURCES LLC,Susquehanna,4,,,Dec 2023 (WASTE: Unconventional wells),Jul - Dec 2014 (Unconventional wells),True
145442,WELL PAD RU-11,SOUTHWESTERN ENERGY PROD CO,Susquehanna,4,,,Jan - Jun 2014 (Unconventional wells),Jul - Dec 2014 (Unconventional wells),True
150528,SYNNESTVEDT 878,SWEPI LP,Tioga,4,,,Jan 2020 (WASTE: Unconventional wells),Jul - Dec 2014 (Unconventional wells),True
150520,BONNELL RUN H&FC PAD D,ANADARKO E&P ONSHORE LLC,Lycoming,4,,,Aug 2022 (WASTE: Unconventional wells),Aug 2022 (WASTE: Unconventional wells),True
148861,MCGROARTY BRA,CHESAPEAKE APPALACHIA LLC,Bradford,4,,,Jan-Jun 2016 (WASTE ONLY: Unconventional Wells),Jul-Dec 2015 (WASTE ONLY: Unconventional Wells),True
148865,MCMURRAY C 01-031,REPSOL OIL & GAS USA LLC,Bradford,4,,,Dec 2020 (WASTE: Unconventional wells),Dec 2020 (WASTE: Unconventional wells),True
155594,REED RUN POTATO CREEK PAD A,PA GEN ENERGY CO LLC,McKean,4,,,Jun 2019 (WASTE: Unconventional wells),Nov 2019 (WASTE: Unconventional wells),True
150839,GU-14-WHIPPLE-PAD,SOUTHWESTERN ENERGY PROD CO,Bradford,4,,,Dec 2023 (WASTE: Unconventional wells),Sep 2023 (WASTE: Unconventional wells),True
150809,HIBBARD A & M PAD 2,COTERRA ENERGY INC,Susquehanna,4,,,Aug 2017 (WASTE: Unconventional wells),Dec 2017 (WASTE: Unconventional wells),True
148688,KINGSLEY BRA,CHESAPEAKE APPALACHIA LLC,Bradford,4,,,Jan - Jun 2014 (Unconventional wells),Mar 2017 (WASTE: Unconventional wells),True
146888,STETHERS BRA,CHESAPEAKE APPALACHIA LLC,Bradford,4,,,Jan - Jun 2014 (Unconventional wells),Jan-Jun 2016 (WASTE ONLY: Unconventional Wells),True
147286,NICHOLS 2H,EOG RESOURCES INC,Bradford,4,,,Jun 2021 (WASTE: Unconventional wells),Nov 2018 (WASTE: Unconventional wells),True
148746,LEAMAN BRA,CHESAPEAKE APPALACHIA LLC,Bradford,4,,,Jan-Jun 2016 (WASTE ONLY: Unconventional Wells),Jan-Jun 2016 (WASTE ONLY: Unconventional Wells),True
148584,INSINGER SUL,CHESAPEAKE APPALACHIA LLC,Sullivan,4,,,Feb 2017 (WASTE: Unconventional wells),Jul-Dec 2015 (WASTE ONLY: Unconventional Wells),True
148578,ICEMAN BRA,CHESAPEAKE APPALACHIA LLC,Bradford,4,,,Jan-Jun 2016 (WASTE ONLY: Unconventional Wells),May 2017 (WASTE: Unconventional wells),True
148799,LYCOMING H & FC PAD D,ANADARKO E&P ONSHORE LLC,Lycoming,4,,,Mar 2022 (WASTE: Unconventional wells),Mar 2022 (WASTE: Unconventional wells),True
149715,VANNOY BRA,CHESAPEAKE APPALACHIA LLC,Bradford,4,,,Jan 2018 (WASTE: Unconventional wells),Jul-Dec 2016 (WASTE ONLY: Unconventional Wells),True
149714,WELLES 5 BRA,CHESAPEAKE APPALACHIA LLC,Bradford,4,,,Apr 2017 (WASTE: Unconventional wells),Jan-Jun 2016 (WASTE ONLY: Unconventional Wells),True
148194,DCNR 587 02-006,REPSOL OIL & GAS USA LLC,Tioga,4,,,Mar 2022 (WASTE: Unconventional wells),Mar 2022 (WASTE: Unconventional wells),True
148195,DCNR 587 02-008,REPSOL OIL & GAS USA LLC,Tioga,4,,,Mar 2022 (WASTE: Unconventional wells),Mar 2022 (WASTE: Unconventional wells),True
149552,WELLES 2 BRA PAD,CHESAPEAKE APPALACHIA LLC,Bradford,4,,,Jan-Jun 2016 (WASTE ONLY: Unconventional Wells),Mar 2017 (WASTE: Unconventional wells),True
146221,INGALLS 710,SWEPI LP,Tioga,4,,,Apr 2022 (WASTE: Unconventional wells),Jun 2021 (WASTE: Unconventional wells),True
145867,"STOCKHOLM, K. PAD 2",COTERRA ENERGY INC,Susquehanna,4,,,Aug 2017 (WASTE: Unconventional wells),Oct 2017 (WASTE: Unconventional wells),True
145795,FLOYDIE BRA,CHESAPEAKE APPALACHIA LLC,Bradford,4,,,Jan-Jun 2016 (WASTE ONLY: Unconventional Wells),Jan-Jun 2016 (WASTE ONLY: Unconventional Wells),True
147825,BLANNARD BRA,CHESAPEAKE APPALACHIA LLC,Bradford,4,,,Jul-Dec 2016 (WASTE ONLY: Unconventional Wells),May 2019 (WASTE: Unconventional wells),True
147841,BOOR J 03-015,REPSOL OIL & GAS USA LLC,Bradford,4,,,Dec 2020 (WASTE: Unconventional wells),Dec 2020 (WASTE: Unconventional wells),True
147806,BENSE B 01-025/070,TALISMAN ENERGY USA INC,BRADFORD,4,,,Dec 2019 (WASTE: Unconventional wells),Dec 2019 (WASTE: Unconventional wells),True
149092,POTTER BRA,CHESAPEAKE APPALACHIA LLC,Bradford,4,,,Apr 2017 (WASTE: Unconventional wells),Jul-Dec 2016 (WASTE ONLY: Unconventional Wells),True
149045,PHINNEY J 01-006,REPSOL OIL & GAS USA LLC,Bradford,4,,,Aug 2020 (WASTE: Unconventional wells),Aug 2020 (WASTE: Unconventional wells),True
148297,BLANCHE POULSEN SUS,CHESAPEAKE APPALACHIA LLC,Susquehanna,4,,,Feb 2018 (WASTE: Unconventional wells),Jan-Jun 2016 (WASTE ONLY: Unconventional Wells),True
149128,HULL R PAD 1,CABOT OIL & GAS CORP,SUSQUEHANNA,4,,,Oct 2017 (WASTE: Unconventional wells),Sep 2017 (WASTE: Unconventional wells),True
149097,PRIMROSE BRA,CHESAPEAKE APPALACHIA LLC,Bradford,4,,,Apr 2017 (WASTE: Unconventional wells),Mar 2017 (WASTE: Unconventional wells),True
149299,SIDONIO BRA,CHESAPEAKE APPALACHIA LLC,Bradford,4,,,Apr 2017 (WASTE: Unconventional wells),Jul-Dec 2015 (WASTE ONLY: Unconventional Wells),True
148152,CUTHBERTSON BRA,CHESAPEAKE APPALACHIA LLC,Bradford,4,,,Mar 2018 (WASTE: Unconventional wells),Sep 2018 (WASTE: Unconventional wells),True
146087,NICHOLS 1H,EOG RESOURCES INC,Bradford,4,,,Jun 2021 (WASTE: Unconventional wells),May 2021 (WASTE: Unconventional wells),True
151507,NR 03 COLWELL WEST,SOUTHWESTERN ENERGY PROD CO,Susquehanna,4,,,Jul 2016 (Unconventional wells),May 2016 (Unconventional wells),True
147921,CAPPUCCI WYO,CHESAPEAKE APPALACHIA LLC,Wyoming,4,,,Jan 2017 (WASTE: Unconventional wells),Jul-Dec 2015 (WASTE ONLY: Unconventional Wells),True
148058,COP TRACT 285 PAD G,ANADARKO E&P ONSHORE LLC,Clinton,4,,,May 2021 (WASTE: Unconventional wells),May 2021 (WASTE: Unconventional wells),True
149380,STRANGE 3 WELL PAD,NOVUS OPERATING LLC,Tioga,4,,,Jul 2020 (WASTE: Unconventional wells),Jun 2020 (WASTE: Unconventional wells),True
149332,SOLOWIEJ BRA,CHESAPEAKE APPALACHIA LLC,Bradford,4,,,Jul-Dec 2016 (WASTE ONLY: Unconventional Wells),Jul-Dec 2016 (WASTE ONLY: Unconventional Wells),True
148082,COP TRACT 356 PAD J,PA GEN ENERGY CO LLC,Lycoming,4,,,Sep 2018 (WASTE: Unconventional wells),Sep 2018 (WASTE: Unconventional wells),True
148089,COP TRACT 685 PAD C,ANADARKO E&P ONSHORE LLC,Lycoming,4,,,Sep 2022 (WASTE: Unconventional wells),Sep 2022 (WASTE: Unconventional wells),True
149435,THOMAS FT 01-038,REPSOL OIL & GAS USA LLC,Bradford,4,,,Dec 2020 (WASTE: Unconventional wells),Dec 2020 (WASTE: Unconventional wells),True
144766,COVINGTON,CHESAPEAKE APPALACHIA LLC,Bradford,4,,,Jul-Dec 2016 (WASTE ONLY: Unconventional Wells),Sep 2019 (WASTE: Unconventional wells),True
147929,CARSON J PAD 1,COTERRA ENERGY INC,Susquehanna,4,,,Mar 2018 (WASTE: Unconventional wells),Sep 2017 (WASTE: Unconventional wells),True
149413,TAYLOR BRA,CHESAPEAKE APPALACHIA LLC,Bradford,4,,,Jan-Jun 2016 (WASTE ONLY: Unconventional Wells),Jul-Dec 2015 (WASTE ONLY: Unconventional Wells),True
154814,SHUMHURST,CHESAPEAKE APPALACHIA LLC,Bradford,4,,,Jun 2019 (WASTE: Unconventional wells),Sep 2019 (WASTE: Unconventional wells),True
145051,LILLIE BRA,CHESAPEAKE APPALACHIA LLC,Bradford,4,,,Jan 2017 (WASTE: Unconventional wells),Jan-Jun 2016 (WASTE ONLY: Unconventional Wells),True
145240,WILLIAMSON BRA,CHESAPEAKE APPALACHIA LLC,Bradford,4,,,Jan - Jun 2014 (Unconventional wells),Mar 2017 (WASTE: Unconventional wells),True
144600,ZALESKI BRA,CHESAPEAKE APPALACHIA LLC,Bradford,4,,,Feb 2017 (WASTE: Unconventional wells),Jan-Jun 2016 (WASTE ONLY: Unconventional Wells),True
144534,DGSM BRA,CHESAPEAKE APPALACHIA LLC,Bradford,3,,,Jan 2017 (WASTE: Unconventional wells),Jan-Jun 2016 (WASTE ONLY: Unconventional Wells),True
144772,RICHARD SUS,CHESAPEAKE APPALACHIA LLC,Susquehanna,3,,,Jan 2017 (WASTE: Unconventional wells),Jul-Dec 2015 (WASTE ONLY: Unconventional Wells),True
145069,NEVIN L SMITH PAD A,ANADARKO E&P ONSHORE LLC,Lycoming,3,,,Jul 2022 (WASTE: Unconventional wells),Jul 2022 (WASTE: Unconventional wells),True
145366,PAD DD,SOUTHWESTERN ENERGY PROD CO,Susquehanna,3,,,Apr 2016 (Unconventional wells),Apr 2016 (Unconventional wells),True
149430,THOMAS 503,SWEPI LP,Tioga,3,,,Feb 2020 (WASTE: Unconventional wells),Feb 2020 (WASTE: Unconventional wells),True
144774,FREMAR,CHESAPEAKE APPALACHIA LLC,Sullivan,3,,,Feb 2017 (WASTE: Unconventional wells),Jul-Dec 2015 (WASTE ONLY: Unconventional Wells),True
149245,SCHEFFLER BRA,CHESAPEAKE APPALACHIA LLC,Bradford,3,,,Jan 2018 (WASTE: Unconventional wells),Jan-Jun 2016 (WASTE ONLY: Unconventional Wells),True
148151,CURTIS BRA,CHESAPEAKE APPALACHIA LLC,Bradford,3,,,Jan-Jun 2016 (WASTE ONLY: Unconventional Wells),Mar 2017 (WASTE: Unconventional wells),True
151756,NR 04 DIAZ PAD,SWN PROD CO LLC,Susquehanna,3,,,Jul 2016 (Unconventional wells),May 2016 (Unconventional wells),True
151414,SGL-12 A UNIT PAD,CHIEF OIL & GAS LLC,Bradford,3,,,Jan-Jun 2015 (WASTE ONLY: Unconventional Wells),Jul-Dec 2015 (WASTE ONLY: Unconventional Wells),True
149390,SUSAN SUS,CHESAPEAKE APPALACHIA LLC,Susquehanna,3,,,Mar 2019 (WASTE: Unconventional wells),Mar 2019 (WASTE: Unconventional wells),True
147957,GU-07-CHILSON-JENNINGS-PAD,SOUTHWESTERN ENERGY PROD CO,Bradford,3,,,Sep 2016 (Unconventional wells),Sep 2016 (Unconventional wells),True
148407,"GESFORD, K. PAD 2",CABOT OIL & GAS CORP,SUSQUEHANNA,3,,,Jun 2019 (WASTE: Unconventional wells),Mar 2018 (WASTE: Unconventional wells),True
148389,GARDINER D 01-071,REPSOL OIL & GAS USA LLC,Bradford,3,,,Feb 2020 (WASTE: Unconventional wells),Feb 2020 (WASTE: Unconventional wells),True
146675,HARLAN BRA,CHESAPEAKE APPALACHIA LLC,Bradford,3,,,Jan 2018 (WASTE: Unconventional wells),Sep 2018 (WASTE: Unconventional wells),True
148885,MICKS,XPR RESOURCES LLC,Susquehanna,3,,,Jul - Dec 2013 (Unconventional wells),Jul - Dec 2014 (Unconventional wells),True
147701,AKITA BRA,CHESAPEAKE APPALACHIA LLC,Bradford,3,,,Jan 2017 (WASTE: Unconventional wells),Jul-Dec 2016 (WASTE ONLY: Unconventional Wells),True
148853,MCCABE BRA,CHESAPEAKE APPALACHIA LLC,Bradford,3,,,Jan-Jun 2015 (WASTE ONLY: Unconventional Wells),Jul-Dec 2015 (WASTE ONLY: Unconventional Wells),True
149452,TRACT 839,ULTRA RESOURCES INC,Tioga,3,,,Jul-Dec 2015 (WASTE ONLY: Unconventional Wells),Jul-Dec 2015 (WASTE ONLY: Unconventional Wells),True
148021,COOK C 05-040,REPSOL OIL & GAS USA LLC,Bradford,3,,,Aug 2020 (WASTE: Unconventional wells),Nov 2020 (WASTE: Unconventional wells),True
148201,DCNR 587 02-014,REPSOL OIL & GAS USA LLC,Tioga,3,,,Mar 2022 (WASTE: Unconventional wells),Mar 2022 (WASTE: Unconventional wells),True
147913,ROSE C PAD 1,COTERRA ENERGY INC,Susquehanna,3,,,Apr 2021 (WASTE: Unconventional wells),Sep 2017 (WASTE: Unconventional wells),True
149554,WENGER 1H,EOG RESOURCES INC,Bradford,3,,,Mar 2019 (WASTE: Unconventional wells),Sep 2019 (WASTE: Unconventional wells),True
147888,BUSIA 457,SWEPI LP,Tioga,3,,,Dec 2020 (WASTE: Unconventional wells),Nov 2020 (WASTE: Unconventional wells),True
147781,BARTHOLOMEW BRA,CHESAPEAKE APPALACHIA LLC,Bradford,3,,,Jan - Jun 2014 (Unconventional wells),Jan-Jun 2016 (WASTE ONLY: Unconventional Wells),True
147764,BALENT BRA,CHESAPEAKE APPALACHIA LLC,Bradford,3,,,Jan - Jun 2014 (Unconventional wells),Mar 2017 (WASTE: Unconventional wells),True
149613,YODER,CHESAPEAKE APPALACHIA LLC,Bradford,3,,,Aug 2018 (WASTE: Unconventional wells),Sep 2018 (WASTE: Unconventional wells),True
152039,NR 05 BAC REALTY PAD,SWN PROD CO LLC,Susquehanna,3,,,Jul 2016 (Unconventional wells),May 2016 (Unconventional wells),True
148173,DAVID O VOLLMAN A,ANADARKO E&P ONSHORE LLC,Lycoming,3,,,Aug 2022 (WASTE: Unconventional wells),Aug 2022 (WASTE: Unconventional wells),True
149048,WM Phoenix Site R,EQT PROD CO,Tioga,3,,,Jul - Dec 2013 (Unconventional wells),Jul - Dec 2013 (Unconventional wells),True
148241,DON J DAVIS PAD A,ANADARKO E&P ONSHORE LLC,Lycoming,3,,,Aug 2022 (WASTE: Unconventional wells),Mar 2020 (WASTE: Unconventional wells),True
148190,DCNR 587 02-002,REPSOL OIL & GAS USA LLC,Tioga,3,,,Jan 2020 (WASTE: Unconventional wells),Jan 2020 (WASTE: Unconventional wells),True
149790,YADPAD BRA,CHESAPEAKE APPALACHIA LLC,Bradford,3,,,Aug 2018 (WASTE: Unconventional wells),Sep 2018 (WASTE: Unconventional wells),True
149027,PECK HILL FARM 05-180,REPSOL OIL & GAS USA LLC,Bradford,3,,,Apr 2022 (WASTE: Unconventional wells),Jul - Dec 2013 (Unconventional wells),True
153237,GU 11,SOUTHWESTERN ENERGY PROD CO,Bradford,3,,,Feb 2016 (Unconventional wells),Nov 2016 (Unconventional wells),True
145418,LYCOMING H&FC PAD A,ANADARKO E&P ONSHORE LLC,Lycoming,3,,,Mar 2022 (WASTE: Unconventional wells),Mar 2022 (WASTE: Unconventional wells),True
148326,FERGUSON R 01-023,REPSOL OIL & GAS USA LLC,Bradford,3,,,Aug 2020 (WASTE: Unconventional wells),Nov 2020 (WASTE: Unconventional wells),True
148890,MILLER F 05-056,REPSOL OIL & GAS USA LLC,Bradford,3,,,Aug 2020 (WASTE: Unconventional wells),Jul - Dec 2013 (Unconventional wells),True
150112,O`REILLY,XPR RESOURCES LLC,Susquehanna,3,,,Jan - Jun 2014 (Unconventional wells),Jun 2016 (Unconventional wells),True
150118,LYCOMING H&FC PAD F,ANADARKO E&P ONSHORE LLC,Lycoming,3,,,Sep 2022 (WASTE: Unconventional wells),Sep 2022 (WASTE: Unconventional wells),True
146871,PRUYNE 1H,EOG RESOURCES INC,Bradford,3,,,Jun 2021 (WASTE: Unconventional wells),Mar 2021 (WASTE: Unconventional wells),True
148284,ELK LAKE SCHOOL DISTRICT PAD 1,CABOT OIL & GAS CORP,SUSQUEHANNA,3,,,Dec 2017 (WASTE: Unconventional wells),Sep 2017 (WASTE: Unconventional wells),True
146079,BOWERS 408,REPSOL OIL & GAS USA LLC,Tioga,3,,,Aug 2020 (WASTE: Unconventional wells),Jul - Dec 2013 (Unconventional wells),True
148984,O`ROURKE W 05-046,REPSOL OIL & GAS USA LLC,Bradford,3,,,Aug 2020 (WASTE: Unconventional wells),Mar 2022 (WASTE: Unconventional wells),True
148483,HARRY BRA,CHESAPEAKE APPALACHIA LLC,Bradford,3,,,Jan 2017 (WASTE: Unconventional wells),Jan 2017 (WASTE: Unconventional wells),True
150828,RANGE UNIT 17 WELL PAD,SOUTHWESTERN ENERGY PROD CO,Susquehanna,3,,,Jan - Jun 2014 (Unconventional wells),Jan - Jun 2014 (Unconventional wells),True
148665,KENNETH T SCHRINER PAD A,ANADARKO E&P ONSHORE LLC,Lycoming,3,,,Aug 2022 (WASTE: Unconventional wells),Aug 2022 (WASTE: Unconventional wells),True
145044,NOBLE WELL PAD,CHIEF OIL & GAS LLC,Susquehanna,3,,,Jan - Jun 2014 (Unconventional wells),Jul - Dec 2013 (Unconventional wells),True
148572,HUTCHINSON R 05-165,REPSOL OIL & GAS USA LLC,Bradford,3,,,Aug 2020 (WASTE: Unconventional wells),Jul - Dec 2013 (Unconventional wells),True
146879,PANNEBAKER 515,EAST RESOURCES INC,Tioga,3,,,Feb 2020 (WASTE: Unconventional wells),Jan-Jun 2016 (WASTE ONLY: Unconventional Wells),True
146764,HOUSER 1H,EOG RESOURCES INC,Bradford,3,,,Aug 2018 (WASTE: Unconventional wells),Mar 2019 (WASTE: Unconventional wells),True
148719,L&L CONSTRUCTION A WELL PAD,CHIEF OIL & GAS LLC,Bradford,3,,,Feb 2017 (WASTE: Unconventional wells),Jul-Dec 2016 (WASTE ONLY: Unconventional Wells),True
148566,HUNSINGER SUS,CHESAPEAKE APPALACHIA LLC,Susquehanna,3,,,Jul-Dec 2016 (WASTE ONLY: Unconventional Wells),Jul-Dec 2016 (WASTE ONLY: Unconventional Wells),True
144790,BENSPOND SUL,CHESAPEAKE APPALACHIA LLC,Sullivan,2,,,Jan-Jun 2015 (WASTE ONLY: Unconventional Wells),Jul-Dec 2015 (WASTE ONLY: Unconventional Wells),True
149416,"TEEL, C. PAD 6",CABOT OIL & GAS CORP,SUSQUEHANNA,2,,,Oct 2017 (WASTE: Unconventional wells),Oct 2017 (WASTE: Unconventional wells),True
145238,TAMA,CHESAPEAKE APPALACHIA LLC,Bradford,2,,,Jul-Dec 2016 (WASTE ONLY: Unconventional Wells),Jul-Dec 2016 (WASTE ONLY: Unconventional Wells),True
145285,KRISE BRA,CHESAPEAKE APPALACHIA LLC,Bradford,2,,,Jul-Dec 2016 (WASTE ONLY: Unconventional Wells),Nov 2018 (WASTE: Unconventional wells),True
144626,WELLES 1 BRA,CHESAPEAKE APPALACHIA LLC,Bradford,2,,,Jan-Jun 2016 (WASTE ONLY: Unconventional Wells),Jan-Jun 2016 (WASTE ONLY: Unconventional Wells),True
154093,AMBROSIUS B WELL PAD,CHIEF OIL & GAS LLC,Bradford,2,,,Aug 2017 (WASTE: Unconventional wells),Sep 2017 (WASTE: Unconventional wells),True
149261,SENN W 05-253,REPSOL OIL & GAS USA LLC,Bradford,2,,,Apr 2022 (WASTE: Unconventional wells),Jul - Dec 2013 (Unconventional wells),True
148255,DUANE BRA,CHESAPEAKE APPALACHIA LLC,Bradford,2,,,Mar 2017 (WASTE: Unconventional wells),Mar 2017 (WASTE: Unconventional wells),True
149555,WESNESKI D 724,SWEPI LP,Tioga,2,,,Apr 2022 (WASTE: Unconventional wells),Apr 2022 (WASTE: Unconventional wells),True
149239,SARAH BRA,CHESAPEAKE APPALACHIA LLC,Bradford,2,,,Feb 2017 (WASTE: Unconventional wells),Jun 2018 (WASTE: Unconventional wells),True
147893,BUTTON B 901,ULTRA RESOURCES INC,Potter,2,,,Jul-Dec 2015 (WASTE ONLY: Unconventional Wells),Jul-Dec 2015 (WASTE ONLY: Unconventional Wells),True
149320,SLOVAK M 05-202,REPSOL OIL & GAS USA LLC,Bradford,2,,,Jan - Jun 2014 (Unconventional wells),Jul - Dec 2013 (Unconventional wells),True
149357,STANLEY 1106,SWEPI LP,Tioga,2,,,Feb 2020 (WASTE: Unconventional wells),Feb 2020 (WASTE: Unconventional wells),True
151655,VANBLARCOM,REPSOL OIL & GAS USA LLC,Bradford,2,,,Dec 2019 (WASTE: Unconventional wells),Dec 2020 (WASTE: Unconventional wells),True
149512,WW LITKE PAD A,ANADARKO E&P CO LP,CENTRE,2,,,Apr 2022 (WASTE: Unconventional wells),Feb 2022 (WASTE: Unconventional wells),True
148057,COP TRACT 285 PAD F,ANADARKO E&P ONSHORE LLC,Clinton,2,,,Apr 2022 (WASTE: Unconventional wells),Apr 2022 (WASTE: Unconventional wells),True
148110,CORL SUL,CHESAPEAKE APPALACHIA LLC,Sullivan,2,,,May 2019 (WASTE: Unconventional wells),May 2019 (WASTE: Unconventional wells),True
149376,STOORZA BRA,CHESAPEAKE APPALACHIA LLC,Bradford,2,,,Mar 2017 (WASTE: Unconventional wells),Mar 2017 (WASTE: Unconventional wells),True
146544,COOPER 400,REPSOL OIL & GAS USA LLC,Tioga,2,,,Jul - Dec 2013 (Unconventional wells),Nov 2020 (WASTE: Unconventional wells),True
147955,CHICKEN HAWK WELL PAD,NOVUS OPERATING LLC,Tioga,2,,,Jun 2020 (WASTE: Unconventional wells),Jun 2020 (WASTE: Unconventional wells),True
149404,PIERSON 801,ULTRA RESOURCES INC,TIOGA,2,,,Jul-Dec 2015 (WASTE ONLY: Unconventional Wells),Jul-Dec 2015 (WASTE ONLY: Unconventional Wells),True
147963,GU-08--CLARK-KLECKNER-PAD,SOUTHWESTERN ENERGY PROD CO,Bradford,2,,,Sep 2016 (Unconventional wells),Sep 2016 (Unconventional wells),True
147961,CLAPPER SUS,CHESAPEAKE APPALACHIA LLC,Susquehanna,2,,,Jan 2017 (WASTE: Unconventional wells),Jan 2017 (WASTE: Unconventional wells),True
148987,OSTRANDER 412,SWEPI LP,Tioga,2,,,Mar 2020 (WASTE: Unconventional wells),Nov 2020 (WASTE: Unconventional wells),True
147805,BENSCOTER SUS,CHESAPEAKE APPALACHIA LLC,Susquehanna,2,,,Jul-Dec 2016 (WASTE ONLY: Unconventional Wells),Jul-Dec 2016 (WASTE ONLY: Unconventional Wells),True
149806,BENNETT PAD,INFLECTION ENERGY (PA) LLC,Lycoming,2,,,Sep 2019 (WASTE: Unconventional wells),Sep 2019 (WASTE: Unconventional wells),True
147711,ALKAN BRA,CHESAPEAKE APPALACHIA LLC,Bradford,2,,,May 2019 (WASTE: Unconventional wells),May 2019 (WASTE: Unconventional wells),True
147714,ALLEN WELL PAD,CHIEF OIL & GAS LLC,Bradford,2,,,Jan - Jun 2014 (Unconventional wells),Jan - Jun 2014 (Unconventional wells),True
147712,ALLEGANY 900,EAST RESOURCES MGMT LLC,Potter,2,,,Jul-Dec 2016 (WASTE ONLY: Unconventional Wells),Mar 2022 (WASTE: Unconventional wells),True
149711,PETTY BRA,CHESAPEAKE APPALACHIA LLC,Bradford,2,,,Jul-Dec 2016 (WASTE ONLY: Unconventional Wells),May 2019 (WASTE: Unconventional wells),True
148245,DOSS BRA,CHESAPEAKE APPALACHIA LLC,Bradford,2,,,Sep 2018 (WASTE: Unconventional wells),Sep 2018 (WASTE: Unconventional wells),True
148258,DULCEY BRA,CHESAPEAKE APPALACHIA LLC,Bradford,2,,,Mar 2019 (WASTE: Unconventional wells),Nov 2018 (WASTE: Unconventional wells),True
149046,WM Phoenix Site S,EQT PROD CO,Tioga,2,,,Jul - Dec 2013 (Unconventional wells),Jul - Dec 2013 (Unconventional wells),True
149079,POLOVITCH WELL PAD,CHIEF OIL & GAS LLC,Wyoming,2,,,Jul - Dec 2013 (Unconventional wells),Jul-Dec 2015 (WASTE ONLY: Unconventional Wells),True
147762,BALDUZZI BRA,CHESAPEAKE APPALACHIA LLC,Bradford,2,,,Jan-Jun 2016 (WASTE ONLY: Unconventional Wells),Jan-Jun 2016 (WASTE ONLY: Unconventional Wells),True
149731,STORCH 01-099,REPSOL OIL & GAS USA LLC,Bradford,2,,,Aug 2020 (WASTE: Unconventional wells),Aug 2020 (WASTE: Unconventional wells),True
148295,EPLER BRA,CHESAPEAKE APPALACHIA LLC,Bradford,2,,,Jan-Jun 2016 (WASTE ONLY: Unconventional Wells),Jan-Jun 2016 (WASTE ONLY: Unconventional Wells),True
148291,EMPSON R 235,EAST RESOURCES INC,Tioga,2,,,Feb 2017 (WASTE: Unconventional wells),Jul - Dec 2014 (Unconventional wells),True
148192,DCNR 587 02-004,REPSOL OIL & GAS USA LLC,Tioga,2,,,Aug 2020 (WASTE: Unconventional wells),Aug 2020 (WASTE: Unconventional wells),True
146345,RONMARY SUL,CHESAPEAKE APPALACHIA LLC,Sullivan,2,,,Jan-Jun 2015 (WASTE ONLY: Unconventional Wells),Jul-Dec 2015 (WASTE ONLY: Unconventional Wells),True
146313,STEFANOWICH 269,REPSOL OIL & GAS USA LLC,Tioga,2,,,Dec 2020 (WASTE: Unconventional wells),Sep 2020 (WASTE: Unconventional wells),True
146106,BAILEY UNIT WELL PAD,CHIEF OIL & GAS LLC,Bradford,2,,,Jul-Dec 2016 (WASTE ONLY: Unconventional Wells),Jul-Dec 2016 (WASTE ONLY: Unconventional Wells),True
149609,YENGO SUL,CHESAPEAKE APPALACHIA LLC,Sullivan,2,,,Jan-Jun 2016 (WASTE ONLY: Unconventional Wells),Jan-Jun 2016 (WASTE ONLY: Unconventional Wells),True
147821,"BLACK, D. PAD 1",CABOT OIL & GAS CORP,SUSQUEHANNA,2,,,Sep 2017 (WASTE: Unconventional wells),Sep 2017 (WASTE: Unconventional wells),True
148147,CSI BRA,CHESAPEAKE APPALACHIA LLC,Bradford,2,,,Mar 2017 (WASTE: Unconventional wells),Mar 2017 (WASTE: Unconventional wells),True
149508,CHUDLEIGH W PAD 2,COTERRA ENERGY INC,Susquehanna,2,,,Dec 2017 (WASTE: Unconventional wells),Dec 2017 (WASTE: Unconventional wells),True
151814,NR 24 BUCKHORN PAD,SWN PROD CO LLC,Susquehanna,2,,,Jan 2016 (Unconventional wells),Jan 2016 (Unconventional wells),True
149254,SCHUCKER A 03-006,REPSOL OIL & GAS USA LLC,Bradford,2,,,Nov 2023 (WASTE: Unconventional wells),Nov 2023 (WASTE: Unconventional wells),True
148928,MPC SUL,CHESAPEAKE APPALACHIA LLC,Sullivan,2,,,Jan-Jun 2016 (WASTE ONLY: Unconventional Wells),Jul-Dec 2015 (WASTE ONLY: Unconventional Wells),True
148942,NEAL 134D,EAST RESOURCES INC,TIOGA,2,,,Jul - Dec 2014 (Unconventional wells),Jul-Dec 2015 (WASTE ONLY: Unconventional Wells),True
146864,BRYAN 406,REPSOL OIL & GAS USA LLC,Tioga,2,,,Apr 2022 (WASTE: Unconventional wells),Dec 2020 (WASTE: Unconventional wells),True
148926,MOWRY 2 BRA,CHESAPEAKE APPALACHIA LLC,Bradford,2,,,Aug 2018 (WASTE: Unconventional wells),Aug 2018 (WASTE: Unconventional wells),True
146422,ABELL G 05-112,REPSOL OIL & GAS USA LLC,Bradford,2,,,Aug 2020 (WASTE: Unconventional wells),Nov 2020 (WASTE: Unconventional wells),True
145675,GB SUS,CHESAPEAKE APPALACHIA LLC,Susquehanna,2,,,Jan 2017 (WASTE: Unconventional wells),Jan 2017 (WASTE: Unconventional wells),True
145551,COOK,CHESAPEAKE APPALACHIA LLC,Susquehanna,2,,,Apr 2017 (WASTE: Unconventional wells),Jan 2017 (WASTE: Unconventional wells),True
148408,"GESFORD, K. PAD 4",CABOT OIL & GAS CORP,SUSQUEHANNA,2,,,Nov 2017 (WASTE: Unconventional wells),Nov 2017 (WASTE: Unconventional wells),True
148848,MAY BRA,CHESAPEAKE APPALACHIA LLC,Bradford,2,,,Feb 2017 (WASTE: Unconventional wells),Feb 2017 (WASTE: Unconventional wells),True
153372,WALT BRA,CHESAPEAKE APPALACHIA LLC,Bradford,2,,,Apr 2017 (WASTE: Unconventional wells),Apr 2017 (WASTE: Unconventional wells),True
148361,FOSTER BRA,CHESAPEAKE APPALACHIA LLC,Bradford,2,,,Jan 2017 (WASTE: Unconventional wells),Jan 2017 (WASTE: Unconventional wells),True
148992,KELLEY P PAD 1,COTERRA ENERGY INC,Susquehanna,2,,,May 2018 (WASTE: Unconventional wells),Sep 2017 (WASTE: Unconventional wells),True
149004,PALMER 112,EAST RESOURCES INC,Bradford,2,,,Jun 2021 (WASTE: Unconventional wells),May 2024 (WASTE: Unconventional wells),True
148990,OTTEN BRA,CHESAPEAKE APPALACHIA LLC,Bradford,2,,,Jan 2017 (WASTE: Unconventional wells),Jan 2017 (WASTE: Unconventional wells),True
148873,MEL BRA,CHESAPEAKE APPALACHIA LLC,Bradford,2,,,Jan-Jun 2016 (WASTE ONLY: Unconventional Wells),Jul-Dec 2015 (WASTE ONLY: Unconventional Wells),True
149018,PAUL 906,ULTRA RESOURCES INC,Potter,2,,,Jul-Dec 2015 (WASTE ONLY: Unconventional Wells),Jul-Dec 2016 (WASTE ONLY: Unconventional Wells),True
147803,BENNETT BRA,CHESAPEAKE APPALACHIA LLC,Bradford,2,,,Jul-Dec 2016 (WASTE ONLY: Unconventional Wells),Jul-Dec 2016 (WASTE ONLY: Unconventional Wells),True
153057,PAINTER WELL PAD,TRAVIS PEAK RESOURCES LLC,Tioga,2,,,Apr 2024 (WASTE: Unconventional wells),Feb 2024 (WASTE: Unconventional wells),True
151256,CLARK UNIT PAD,CHIEF OIL & GAS LLC,Susquehanna,2,,,Jan-Jun 2015 (WASTE ONLY: Unconventional Wells),Jan-Jun 2015 (WASTE ONLY: Unconventional Wells),True
147619,HATTIE BRA,CHESAPEAKE APPALACHIA LLC,Bradford,2,,,Feb 2019 (WASTE: Unconventional wells),Mar 2019 (WASTE: Unconventional wells),True
148444,GREGORY,CHESAPEAKE APPALACHIA LLC,Bradford,2,,,Jan 2017 (WASTE: Unconventional wells),Jan 2017 (WASTE: Unconventional wells),True
148478,HARNISH BRA,CHESAPEAKE APPALACHIA LLC,Bradford,2,,,Jan-Jun 2016 (WASTE ONLY: Unconventional Wells),Jul-Dec 2016 (WASTE ONLY: Unconventional Wells),True
148780,GU-LOOMIS 1-PAD,STONE ENERGY CORP,Susquehanna,2,,,Jan - Jun 2014 (Unconventional wells),Sep 2016 (Unconventional wells),True
147404,DCNR 594 02-203,REPSOL OIL & GAS USA LLC,Tioga,2,,,Mar 2022 (WASTE: Unconventional wells),Sep 2020 (WASTE: Unconventional wells),True
147287,WARD 5H,EOG RESOURCES INC,Bradford,2,,,Aug 2019 (WASTE: Unconventional wells),Mar 2019 (WASTE: Unconventional wells),True
151076,KROPIEWNICKI J 07-038,REPSOL OIL & GAS USA LLC,Susquehanna,2,,,Dec 2019 (WASTE: Unconventional wells),Nov 2020 (WASTE: Unconventional wells),True
148524,HI-LEV BRA,CHESAPEAKE APPALACHIA LLC,Bradford,2,,,Jun 2018 (WASTE: Unconventional wells),Jun 2018 (WASTE: Unconventional wells),True
148507,HEITSMAN A PAD 1,CABOT OIL & GAS CORP,SUSQUEHANNA,2,,,Jun 2018 (WASTE: Unconventional wells),Sep 2017 (WASTE: Unconventional wells),True
148554,HORST BRA,CHESAPEAKE APPALACHIA LLC,Bradford,2,,,Jul-Dec 2016 (WASTE ONLY: Unconventional Wells),Jul-Dec 2016 (WASTE ONLY: Unconventional Wells),True
148820,MANAHAN BRA,CHESAPEAKE APPALACHIA LLC,Bradford,2,,,Jan-Jun 2015 (WASTE ONLY: Unconventional Wells),Mar 2017 (WASTE: Unconventional wells),True
148568,Hurd,EQT PROD CO,Clearfield,2,,,Jul - Dec 2013 (Unconventional wells),Jul - Dec 2013 (Unconventional wells),True
148608,JACOBS BRA,CHESAPEAKE APPALACHIA LLC,Bradford,2,,,Oct 2019 (WASTE: Unconventional wells),Oct 2019 (WASTE: Unconventional wells),True
148691,KINNARNEY BRA,CHESAPEAKE APPALACHIA LLC,Bradford,2,,,Jul-Dec 2016 (WASTE ONLY: Unconventional Wells),Jul-Dec 2016 (WASTE ONLY: Unconventional Wells),True
148546,HOLTAN SUS,CHESAPEAKE APPALACHIA LLC,Susquehanna,2,,,Jan - Jun 2014 (Unconventional wells),Jan - Jun 2014 (Unconventional wells),True
147095,WHEELER 268,REPSOL OIL & GAS USA LLC,Tioga,2,,,Dec 2020 (WASTE: Unconventional wells),Nov 2020 (WASTE: Unconventional wells),True
144559,KUPETSKY WYO,CHESAPEAKE APPALACHIA LLC,Wyoming,2,,,Jan 2017 (WASTE: Unconventional wells),Jan 2017 (WASTE: Unconventional wells),True
144857,BISHOP WELL PAD,CHIEF OIL & GAS LLC,Susquehanna,2,,,Jan - Jun 2014 (Unconventional wells),Jan - Jun 2014 (Unconventional wells),True
145120,CHAMPLUVIER BRA,CHESAPEAKE APPALACHIA LLC,Bradford,2,,,Jan 2018 (WASTE: Unconventional wells),Jan 2018 (WASTE: Unconventional wells),True
144641,PAULINY BRA,CHESAPEAKE APPALACHIA LLC,Bradford,2,,,Jan-Jun 2016 (WASTE ONLY: Unconventional Wells),Jul-Dec 2016 (WASTE ONLY: Unconventional Wells),True
144647,GREGERSON SUS,CHESAPEAKE APPALACHIA LLC,Susquehanna,1,,,Jul-Dec 2016 (WASTE ONLY: Unconventional Wells),Jul-Dec 2016 (WASTE ONLY: Unconventional Wells),True
145300,E P BENDER,CARRIZO (MARCELLUS) LLC,Cambria,1,,,Apr 2015 (Unconventional wells),Apr 2015 (Unconventional wells),True
144861,RGB,CHESAPEAKE APPALACHIA LLC,Bradford,1,,,Jan - Jun 2014 (Unconventional wells),Jan - Jun 2014 (Unconventional wells),True
144866,FINAN,CHESAPEAKE APPALACHIA LLC,Bradford,1,,,Jan-Jun 2016 (WASTE ONLY: Unconventional Wells),Jan-Jun 2016 (WASTE ONLY: Unconventional Wells),True
144627,KENYON BRA,CHESAPEAKE APPALACHIA LLC,Bradford,1,,,Jul-Dec 2015 (WASTE ONLY: Unconventional Wells),Jul-Dec 2015 (WASTE ONLY: Unconventional Wells),True
150858,NR 15 HUGHES PAD,SOUTHWESTERN ENERGY PROD CO,Susquehanna,1,,,Jan - Jun 2014 (Unconventional wells),Jan - Jun 2014 (Unconventional wells),True
150896,PHELPS UNIT PAD B,CHIEF OIL & GAS LLC,Susquehanna,1,,,Jul 2017 (WASTE: Unconventional wells),Jul 2017 (WASTE: Unconventional wells),True
147196,BROOKS JPAD 1,CABOT OIL & GAS CORP,SUSQUEHANNA,1,,,Sep 2017 (WASTE: Unconventional wells),Sep 2017 (WASTE: Unconventional wells),True
147207,COP TRACT 653 PAD A,ANADARKO E&P CO LP,CLINTON,1,,,Oct 2021 (WASTE: Unconventional wells),Oct 2021 (WASTE: Unconventional wells),True
147291,HOUSEKNECHT 2H,EOG RESOURCES INC,Bradford,1,,,Aug 2019 (WASTE: Unconventional wells),Aug 2019 (WASTE: Unconventional wells),True
147301,"ELY, K. PAD 1",CABOT OIL & GAS CORP,SUSQUEHANNA,1,,,Sep 2017 (WASTE: Unconventional wells),Sep 2017 (WASTE: Unconventional wells),True
147311,KAUFMANN PAD,CHIEF OIL & GAS LLC,Bradford,1,,,Jan - Jun 2014 (Unconventional wells),Jan - Jun 2014 (Unconventional wells),True
146901,SEVERCOOL WELL PAD,CHIEF OIL & GAS LLC,Wyoming,1,,,Jan - Jun 2014 (Unconventional wells),Jan - Jun 2014 (Unconventional wells),True
146979,STURDEVANT 1H,EOG RESOURCES INC,Bradford,1,,,Jul 2019 (WASTE: Unconventional wells),Jul 2019 (WASTE: Unconventional wells),True
146665,LEH WELL PAD,CHIEF OIL & GAS LLC,Bradford,1,,,Jan - Jun 2014 (Unconventional wells),Jan - Jun 2014 (Unconventional wells),True
146759,HOPPAUGH 3H,EOG RESOURCES INC,Bradford,1,,,Mar 2019 (WASTE: Unconventional wells),Mar 2019 (WASTE: Unconventional wells),True
146782,HEMLOCK HUNTING CLUB WELL PAD,CHIEF OIL & GAS LLC,Sullivan,1,,,Jan-Jun 2015 (WASTE ONLY: Unconventional Wells),Jan-Jun 2015 (WASTE ONLY: Unconventional Wells),True
147527,TEEL C WELL PAD,CHIEF OIL & GAS LLC,Susquehanna,1,,,Jan - Jun 2014 (Unconventional wells),Jan - Jun 2014 (Unconventional wells),True
147665,RANGE UNIT 25,SOUTHWESTERN ENERGY PROD CO,Susquehanna,1,,,May 2016 (Unconventional wells),May 2016 (Unconventional wells),True
150567,KINGSLEY A WELL PAD,CHIEF OIL & GAS LLC,Bradford,1,,,Jan - Jun 2014 (Unconventional wells),Jan - Jun 2014 (Unconventional wells),True
150712,MURPHY D 07-075,REPSOL OIL & GAS USA LLC,Susquehanna,1,,,Feb 2020 (WASTE: Unconventional wells),Feb 2020 (WASTE: Unconventional wells),True
147703,ALBERTA BRA,CHESAPEAKE APPALACHIA LLC,Bradford,1,,,May 2019 (WASTE: Unconventional wells),May 2019 (WASTE: Unconventional wells),True
147704,ALBERTSON BRA,CHESAPEAKE APPALACHIA LLC,Bradford,1,,,Jan-Jun 2016 (WASTE ONLY: Unconventional Wells),Jan-Jun 2016 (WASTE ONLY: Unconventional Wells),True
147501,KNIGHT 271,SWEPI LP,Tioga,1,,,Mar 2020 (WASTE: Unconventional wells),Mar 2020 (WASTE: Unconventional wells),True
147512,OLSYN 1,EOG RESOURCES INC,Bradford,1,,,May 2021 (WASTE: Unconventional wells),May 2021 (WASTE: Unconventional wells),True
147523,LEWIS H PAD 1,CABOT OIL & GAS CORP,SUSQUEHANNA,1,,,Aug 2017 (WASTE: Unconventional wells),Aug 2017 (WASTE: Unconventional wells),True
146783,NELSON WELL PAD,CHIEF OIL & GAS LLC,Sullivan,1,,,May 2017 (WASTE: Unconventional wells),May 2017 (WASTE: Unconventional wells),True
146875,HARKNESS 3H,EOG RESOURCES INC,Bradford,1,,,Aug 2019 (WASTE: Unconventional wells),Aug 2019 (WASTE: Unconventional wells),True
151117,PA WOODLANDS UNIT PAD,CHIEF OIL & GAS LLC,Sullivan,1,,,Jan-Jun 2015 (WASTE ONLY: Unconventional Wells),Jan-Jun 2015 (WASTE ONLY: Unconventional Wells),True
151161,WISSLER UNIT PAD,CHIEF OIL & GAS LLC,Lycoming,1,,,Jan-Jun 2015 (WASTE ONLY: Unconventional Wells),Jan-Jun 2015 (WASTE ONLY: Unconventional Wells),True
151389,REIBSON UNIT PAD,CHIEF OIL & GAS LLC,Sullivan,1,,,Jul-Dec 2015 (WASTE ONLY: Unconventional Wells),Jul-Dec 2015 (WASTE ONLY: Unconventional Wells),True
146347,MCCARTY WELL PAD,CHIEF OIL & GAS LLC,Sullivan,1,,,Jul - Dec 2013 (Unconventional wells),Jul - Dec 2013 (Unconventional wells),True
146433,RANGE UNIT 61,SOUTHWESTERN ENERGY PROD CO,Susquehanna,1,,,Jan - Jun 2014 (Unconventional wells),Jan - Jun 2014 (Unconventional wells),True
147786,BDF BRA,CHESAPEAKE APPALACHIA LLC,Bradford,1,,,Jan 2017 (WASTE: Unconventional wells),Jan 2017 (WASTE: Unconventional wells),True
149736,VRGC BRA,CHESAPEAKE APPALACHIA LLC,Bradford,1,,,May 2019 (WASTE: Unconventional wells),May 2019 (WASTE: Unconventional wells),True
147713,ALLEN BRA,CHESAPEAKE APPALACHIA LLC,Bradford,1,,,Jul-Dec 2016 (WASTE ONLY: Unconventional Wells),Jul-Dec 2016 (WASTE ONLY: Unconventional Wells),True
147742,ATGAS BRA,CHESAPEAKE APPALACHIA LLC,Bradford,1,,,Feb 2017 (WASTE: Unconventional wells),Feb 2017 (WASTE: Unconventional wells),True
147779,REDBANK,EQT PROD CO,Clarion,1,,,Jul - Dec 2013 (Unconventional wells),Jul - Dec 2013 (Unconventional wells),True
149602,WYGRALA BRA,CHESAPEAKE APPALACHIA LLC,Bradford,1,,,Jan-Jun 2016 (WASTE ONLY: Unconventional Wells),Jan-Jun 2016 (WASTE ONLY: Unconventional Wells),True
149629,ZIMMERLI D 05-074,REPSOL OIL & GAS USA LLC,Bradford,1,,,Jul - Dec 2013 (Unconventional wells),Jul - Dec 2013 (Unconventional wells),True
147810,BERGEY 812,ULTRA RESOURCES INC,Tioga,1,,,Mar 2022 (WASTE: Unconventional wells),Mar 2022 (WASTE: Unconventional wells),True
147822,BLACK CREEK SUL,CHESAPEAKE APPALACHIA LLC,Sullivan,1,,,Jan-Jun 2016 (WASTE ONLY: Unconventional Wells),Jan-Jun 2016 (WASTE ONLY: Unconventional Wells),True
149562,WHEATON W 05-223,REPSOL OIL & GAS USA LLC,Bradford,1,,,Jul - Dec 2013 (Unconventional wells),Jul - Dec 2013 (Unconventional wells),True
149574,WILLIAMS BRA,CHESAPEAKE APPALACHIA LLC,Bradford,1,,,Jan - Jun 2014 (Unconventional wells),Jan - Jun 2014 (Unconventional wells),True
147883,BURNS BRA,CHESAPEAKE APPALACHIA LLC,Bradford,1,,,Jul-Dec 2016 (WASTE ONLY: Unconventional Wells),Jul-Dec 2016 (WASTE ONLY: Unconventional Wells),True
146454,W&L WILSON WELL PAD,CHIEF OIL & GAS LLC,Wyoming,1,,,Jan - Jun 2014 (Unconventional wells),Jan - Jun 2014 (Unconventional wells),True
146550,HOUSEKNECHT 1H,EOG RESOURCES INC,Bradford,1,,,Nov 2018 (WASTE: Unconventional wells),Nov 2018 (WASTE: Unconventional wells),True
151534,WY-04-DIMMING-PAD,SOUTHWESTERN ENERGY PROD CO,Wyoming,1,,,Jan - Jun 2014 (Unconventional wells),Jan - Jun 2014 (Unconventional wells),True
151576,KUZIAK UNIT B PAD,CHIEF OIL & GAS LLC,Sullivan,1,,,Jan-Jun 2015 (WASTE ONLY: Unconventional Wells),Jan-Jun 2015 (WASTE ONLY: Unconventional Wells),True
146083,SULLIVAN BRA,CHESAPEAKE APPALACHIA LLC,Bradford,1,,,Jul-Dec 2016 (WASTE ONLY: Unconventional Wells),Jul-Dec 2016 (WASTE ONLY: Unconventional Wells),True
146097,SPARROW HAWK WELL PAD,NOVUS OPERATING LLC,Tioga,1,,,Jun 2020 (WASTE: Unconventional wells),Jun 2020 (WASTE: Unconventional wells),True
149518,WALKER BRA,CHESAPEAKE APPALACHIA LLC,Bradford,1,,,Jun 2018 (WASTE: Unconventional wells),Jun 2018 (WASTE: Unconventional wells),True
147960,CIRCLE Z BRA,CHESAPEAKE APPALACHIA LLC,Bradford,1,,,Mar 2019 (WASTE: Unconventional wells),Mar 2019 (WASTE: Unconventional wells),True
149433,THOMAS E SMITH PAD A,ANADARKO E&P ONSHORE LLC,Lycoming,1,,,Jun 2021 (WASTE: Unconventional wells),Jun 2021 (WASTE: Unconventional wells),True
149374,STONE WELL PAD,CHIEF OIL & GAS LLC,Susquehanna,1,,,Jan - Jun 2014 (Unconventional wells),Jan - Jun 2014 (Unconventional wells),True
149379,STOUDT BRA,CHESAPEAKE APPALACHIA LLC,Bradford,1,,,Jul-Dec 2016 (WASTE ONLY: Unconventional Wells),Jul-Dec 2016 (WASTE ONLY: Unconventional Wells),True
149387,STRUBLE BRA,CHESAPEAKE APPALACHIA LLC,Bradford,1,,,Jan-Jun 2016 (WASTE ONLY: Unconventional Wells),Jan-Jun 2016 (WASTE ONLY: Unconventional Wells),True
149398,SYLVESTER WELL PAD,NOVUS OPERATING LLC,Tioga,1,,,Jul - Dec 2013 (Unconventional wells),Jul - Dec 2013 (Unconventional wells),True
148154,D&J FARMS WELL PAD,CHIEF OIL & GAS LLC,Bradford,1,,,Jan - Jun 2014 (Unconventional wells),Jan - Jun 2014 (Unconventional wells),True
149323,SMITH K 253,EAST RESOURCES INC,Tioga,1,,,Jul - Dec 2014 (Unconventional wells),Jul - Dec 2014 (Unconventional wells),True
149355,STALFORD BRA,CHESAPEAKE APPALACHIA LLC,Bradford,1,,,Jan 2017 (WASTE: Unconventional wells),Jan 2017 (WASTE: Unconventional wells),True
148131,COYLE BRA,CHESAPEAKE APPALACHIA LLC,Bradford,1,,,Jul-Dec 2015 (WASTE ONLY: Unconventional Wells),Jul-Dec 2015 (WASTE ONLY: Unconventional Wells),True
146195,DECRISTO D 05-022,REPSOL OIL & GAS USA LLC,Bradford,1,,,Jul - Dec 2013 (Unconventional wells),Jul - Dec 2013 (Unconventional wells),True
146214,LEWIS H PAD 2,CABOT OIL & GAS CORP,SUSQUEHANNA,1,,,Aug 2017 (WASTE: Unconventional wells),Aug 2017 (WASTE: Unconventional wells),True
146335,HEITSMAN A PAD A1,CABOT OIL & GAS CORP,SUSQUEHANNA,1,,,Jan 2018 (WASTE: Unconventional wells),Jan 2018 (WASTE: Unconventional wells),True
146342,CHUDLEIGH W PAD 1,CABOT OIL & GAS CORP,SUSQUEHANNA,1,,,Dec 2017 (WASTE: Unconventional wells),Dec 2017 (WASTE: Unconventional wells),True
145884,THOMAS UNIT 1,ULTRA RESOURCES INC,Tioga,1,,,Jul-Dec 2015 (WASTE ONLY: Unconventional Wells),Jul-Dec 2015 (WASTE ONLY: Unconventional Wells),True
148250,DRAKE BRA,CHESAPEAKE APPALACHIA LLC,Bradford,1,,,Feb 2019 (WASTE: Unconventional wells),Feb 2019 (WASTE: Unconventional wells),True
149162,RED TAILED HAWK WELL PAD,NOVUS OPERATING LLC,Tioga,1,,,Jun 2020 (WASTE: Unconventional wells),Jun 2020 (WASTE: Unconventional wells),True
148286,ELLIOT B WELL PAD,CHIEF OIL & GAS LLC,Bradford,1,,,Jan - Jun 2014 (Unconventional wells),Jan - Jun 2014 (Unconventional wells),True
148288,"ELY, K. PAD 3",CABOT OIL & GAS CORP,SUSQUEHANNA,1,,,Sep 2017 (WASTE: Unconventional wells),Sep 2017 (WASTE: Unconventional wells),True
149132,SMITH R PAD 1,CABOT OIL & GAS CORP,SUSQUEHANNA,1,,,Sep 2017 (WASTE: Unconventional wells),Sep 2017 (WASTE: Unconventional wells),True
149044,PHILLIPS SUL,CHESAPEAKE APPALACHIA LLC,Sullivan,1,,,Jan-Jun 2015 (WASTE ONLY: Unconventional Wells),Jan-Jun 2015 (WASTE ONLY: Unconventional Wells),True
149078,POLOVITCH EAST WELL PAD,CHIEF OIL & GAS LLC,Wyoming,1,,,Jan - Jun 2014 (Unconventional wells),Jan - Jun 2014 (Unconventional wells),True
149083,POPIVCHAK BRA,CHESAPEAKE APPALACHIA LLC,Bradford,1,,,Sep 2018 (WASTE: Unconventional wells),Sep 2018 (WASTE: Unconventional wells),True
148282,ELEVATION BRA,CHESAPEAKE APPALACHIA LLC,Bradford,1,,,Sep 2018 (WASTE: Unconventional wells),Sep 2018 (WASTE: Unconventional wells),True
145971,BECKER 404,REPSOL OIL & GAS USA LLC,Tioga,1,,,Nov 2020 (WASTE: Unconventional wells),Nov 2020 (WASTE: Unconventional wells),True
145729,CIRCLE H BRA,CHESAPEAKE APPALACHIA LLC,Bradford,1,,,Jan - Jun 2014 (Unconventional wells),Jan - Jun 2014 (Unconventional wells),True
145763,EUGENE P NELSON PAD A,ANADARKO E&P ONSHORE LLC,Lycoming,1,,,May 2021 (WASTE: Unconventional wells),May 2021 (WASTE: Unconventional wells),True
152982,NR-11-DAYTON-PAD,SOUTHWESTERN ENERGY PROD CO,Susquehanna,1,,,Jan - Jun 2014 (Unconventional wells),Jan - Jun 2014 (Unconventional wells),True
153050,HART NORTH UNIT PAD,CHIEF OIL & GAS LLC,Sullivan,1,,,Sep 2017 (WASTE: Unconventional wells),Sep 2017 (WASTE: Unconventional wells),True
148966,NORTON SUL,CHESAPEAKE APPALACHIA LLC,Sullivan,1,,,Jan 2018 (WASTE: Unconventional wells),Jan 2018 (WASTE: Unconventional wells),True
148971,OBERKAMPER 1H,EOG RESOURCES INC,Bradford,1,,,Aug 2019 (WASTE: Unconventional wells),Aug 2019 (WASTE: Unconventional wells),True
149019,PAUL BRA,CHESAPEAKE APPALACHIA LLC,Bradford,1,,,Mar 2019 (WASTE: Unconventional wells),Mar 2019 (WASTE: Unconventional wells),True
149026,PECK HILL FARM 05-178,REPSOL OIL & GAS USA LLC,Bradford,1,,,Jul - Dec 2013 (Unconventional wells),Jul - Dec 2013 (Unconventional wells),True
148342,FISK HOLLOW 1944,PA GEN ENERGY CO LLC,POTTER,1,,,Jan 2022 (WASTE: Unconventional wells),Jan 2022 (WASTE: Unconventional wells),True
148413,GIBSON,EQT PROD CO,Armstrong,1,,,Jul - Dec 2013 (Unconventional wells),Jul - Dec 2013 (Unconventional wells),True
148423,GOLDEN EAGLE WELL PAD,NOVUS OPERATING LLC,Tioga,1,,,Jun 2020 (WASTE: Unconventional wells),Jun 2020 (WASTE: Unconventional wells),True
148427,GOVERNALE BRA,CHESAPEAKE APPALACHIA LLC,Bradford,1,,,Jul-Dec 2016 (WASTE ONLY: Unconventional Wells),Jul-Dec 2016 (WASTE ONLY: Unconventional Wells),True
148951,NICHOLS,CHESAPEAKE APPALACHIA LLC,Bradford,1,,,Jan - Jun 2014 (Unconventional wells),Jan - Jun 2014 (Unconventional wells),True
148372,FRANO,EQT PROD CO,Jefferson,1,,,Jul - Dec 2013 (Unconventional wells),Jul - Dec 2013 (Unconventional wells),True
148383,G&S BIG RIGGER WELL PAD,CHIEF OIL & GAS LLC,Sullivan,1,,,Jan - Jun 2014 (Unconventional wells),Jan - Jun 2014 (Unconventional wells),True
145584,UPDIKE BRA,CHESAPEAKE APPALACHIA LLC,Bradford,1,,,Jan 2017 (WASTE: Unconventional wells),Jan 2017 (WASTE: Unconventional wells),True
145585,GU-06-ASNIP-ABODE-PAD,SOUTHWESTERN ENERGY PROD CO,Bradford,1,,,Sep 2016 (Unconventional wells),Sep 2016 (Unconventional wells),True
145621,HAYWARD BRA,CHESAPEAKE APPALACHIA LLC,Bradford,1,,,Oct 2019 (WASTE: Unconventional wells),Oct 2019 (WASTE: Unconventional wells),True
145622,HOPE WYO,CHESAPEAKE APPALACHIA LLC,Wyoming,1,,,Feb 2018 (WASTE: Unconventional wells),Feb 2018 (WASTE: Unconventional wells),True
145631,PAD CC,SOUTHWESTERN ENERGY PROD CO,Susquehanna,1,,,Jun 2016 (Unconventional wells),Jun 2016 (Unconventional wells),True
153744,RAIMO UNIT,CHIEF OIL & GAS LLC,Bradford,1,,,Dec 2018 (WASTE: Unconventional wells),Dec 2018 (WASTE: Unconventional wells),True
148918,MOOSE BRA,CHESAPEAKE APPALACHIA LLC,Bradford,1,,,May 2019 (WASTE: Unconventional wells),May 2019 (WASTE: Unconventional wells),True
148919,MORETZ WELL PAD,REPSOL OIL & GAS USA LLC,Bradford,1,,,Mar 2020 (WASTE: Unconventional wells),Mar 2020 (WASTE: Unconventional wells),True
148397,GEMM BRA,CHESAPEAKE APPALACHIA LLC,Bradford,1,,,May 2019 (WASTE: Unconventional wells),May 2019 (WASTE: Unconventional wells),True
148856,MCCONNELL BRA,CHESAPEAKE APPALACHIA LLC,Bradford,1,,,Jul 2021 (WASTE: Unconventional wells),Jul 2021 (WASTE: Unconventional wells),True
148456,GUINAN 2H,EOG RESOURCES INC,Bradford,1,,,Jun 2019 (WASTE: Unconventional wells),Jun 2019 (WASTE: Unconventional wells),True
148515,HERR BRA,CHESAPEAKE APPALACHIA LLC,Bradford,1,,,Jan 2017 (WASTE: Unconventional wells),Jan 2017 (WASTE: Unconventional wells),True
148788,LUCARINO WELL PAD,CHIEF OIL & GAS LLC,Bradford,1,,,Jan - Jun 2014 (Unconventional wells),Jan - Jun 2014 (Unconventional wells),True
148812,MAD DOG BRA,CHESAPEAKE APPALACHIA LLC,Bradford,1,,,May 2019 (WASTE: Unconventional wells),May 2019 (WASTE: Unconventional wells),True
148600,J&J BRA,CHESAPEAKE APPALACHIA LLC,Bradford,1,,,Jan 2017 (WASTE: Unconventional wells),Jan 2017 (WASTE: Unconventional wells),True
148707,KOHLER PAD A,CHESAPEAKE APPALACHIA LLC,Tioga,1,,,Mar 2020 (WASTE: Unconventional wells),Mar 2020 (WASTE: Unconventional wells),True
148553,HOPSON BRA,CHESAPEAKE APPALACHIA LLC,Bradford,1,,,Jan-Jun 2016 (WASTE ONLY: Unconventional Wells),Jan-Jun 2016 (WASTE ONLY: Unconventional Wells),True
148558,HOWE 1,REPSOL OIL & GAS USA LLC,Tioga,1,,,Dec 2020 (WASTE: Unconventional wells),Dec 2020 (WASTE: Unconventional wells),True
148565,HULSLANDER BRA,CHESAPEAKE APPALACHIA LLC,Bradford,1,,,Jan 2017 (WASTE: Unconventional wells),Jan 2017 (WASTE: Unconventional wells),True
145499,COP TRACT 596 PAD B,PA GEN ENERGY CO LLC,Tioga,1,,,Sep 2018 (WASTE: Unconventional wells),Sep 2018 (WASTE: Unconventional wells),True
145348,COWFER 1,CARRIZO OIL & GAS INC,CENTRE,1,,,Mar 2021 (WASTE: Unconventional wells),Mar 2021 (WASTE: Unconventional wells),True
154294,SGL-12 C UNIT PAD,CHIEF OIL & GAS LLC,Bradford,1,,,Mar 2018 (WASTE: Unconventional wells),Mar 2018 (WASTE: Unconventional wells),True
154595,MOUNTAIN MEADOW LODGE PAD B,EQT ARO LLC,Lycoming,1,,,Jun 2021 (WASTE: Unconventional wells),Jun 2021 (WASTE: Unconventional wells),True
154875,SGL-12 M NORTH UNIT PAD,CHIEF OIL & GAS LLC,Bradford,1,,,Aug 2018 (WASTE: Unconventional wells),Aug 2018 (WASTE: Unconventional wells),True
157723,BRIAN HARRIS BRA 1 PAD,CHESAPEAKE APPALACHIA LLC,Bradford,1,,,Jan - Dec 2014 (Conventional wells),Jan - Dec 2014 (Conventional wells),True
144541,T. BROWN WELL PAD,CHIEF OIL & GAS LLC,Wyoming,1,,,Jul - Dec 2014 (Unconventional wells),Jul - Dec 2014 (Unconventional wells),True
144610,HENDERSON SUL,CHESAPEAKE APPALACHIA LLC,Sullivan,1,,,Jan - Jun 2014 (Unconventional wells),Jan - Jun 2014 (Unconventional wells),True
